mieszkanie;304000;Sprzedaż;-1;68.6 m2;-1;https://www.americanhome.pl/oferta/1809-2-1/elblag-adama-mickiewicza-mieszkanie-blisko-parku-przy-ul-mickiewicza;14;https://www.americanhome.pl//photos/239/3250.jpg,https://www.americanhome.pl//photos/239/3251.jpg,https://www.americanhome.pl//photos/239/3252.jpg,https://www.americanhome.pl//photos/239/3253.jpg,https://www.americanhome.pl//photos/239/3254.jpg,https://www.americanhome.pl//photos/239/3255.jpg,https://www.americanhome.pl//photos/239/3256.jpg,https://www.americanhome.pl//photos/239/3257.jpg,https://www.americanhome.pl//photos/239/3258.jpg,https://www.americanhome.pl//photos/239/3259.jpg,https://www.americanhome.pl//photos/239/3260.jpg,https://www.americanhome.pl//photos/239/3261.jpg,https://www.americanhome.pl//photos/239/3262.jpg,https://www.americanhome.pl//photos/239/3263.jpg,;https://www.americanhome.pl//photos/239/3250.jpg;https://www.americanhome.pl//photos/239/3250.jpg;"
Mieszkanie blisko parku, przy ul. Mickiewicza (Elbląg, Adama Mickiewicza)

Sprzedam mieszkanie położone w bliskiej odległości od parku, przy ul. Mickiewicza w Elblągu. Mieszkanie o powierzchni użytkowej 68,60m2, umiejscowione na 2. piętrze budynku, który przeszedł termomodernizację oraz remont dachu. Budynek z zewnątrz zadbany. Przy budynku wiele miejsc parkingowych.Mieszkanie składa się z dużej kuchni, która posiada pomieszczenie gospodarcze (spiżarka), a ekspozycja okienna wychodzi na tereny zielone, dzięki czemu widok z okna przy porannej kawie i śpiew ptaków temu towarzyszący wprawia nas w radosny nastrój. W kuchni z dużym oknem znajdują się wszelkie udogodnienia takie jak: kuchenka, piekarnik czy też lodówka. W lokalu mieszkalnym zostały wymienione instalacje elektryczne, wodno-kanalizacyjne oraz okna - co sprawia, że nadaje się do aranżacji według własnych upodobań. Wymaga remontu. Na uwagę zasługuje lokalizacja. W bliskim sąsiedztwie budynku znajduje się pełna infrastruktura miejska, szkoły, przedszkola, sklepy i najważniejsze - kilka placów zabaw dla dzieci, które są dobrze wyposażone. A dla bardziej aktywnych - siłownia. Miejsce na samochody, znajdą się zawsze. Trójstronna wystawa okien zapewnia nam komfort, a układ stwarza ogromne możliwości aranżacyjne.Dlatego jeśli szukasz miejsca, z którego w niewielkim okresie czasu dostaniesz się w każdy punkt miasta - jest to oferta dla Ciebie.Atuty nieruchomości:- trójstronna wystawa okien,- powierzchnia użytkowa 68,60 m2,- 2. piętro w budynku, który z zewnątrz jest zadbany oraz przeszedł termomodernizację wraz z remontem dachu,- Przy budynku wiele miejsc parkingowych,- ogrzewanie i ciepła woda z miasta,- nowa instalacja elektryczna, wodno-kanalizacyjna,- w pełni wyposażona kuchnia z dużym oknem,,- ciche mieszkanie,- nowe okna PCV,- 3 pokoje + kuchnia, przedpokój, łazienka z wc., pomieszczenie gospodarcze (spiżarnia), - niski czynsz około 500 zł,- dwa mieszkania na piętro,- parter - lokale użytkowe,- strych,- wiele miejsc parkingowych zlokalizowanych w obrębie osiedla, - i wiele więcej.Atuty lokalizacji:- liczne sklepy, wszelkiego rodzaju zaplecza usługowe,- wiele punktów handlowych i użyteczności publicznej,- spokojna okolica,- bliskość terenów do spacerów i rekreacji na świeżym powietrzu,- wszędzie blisko,- wiele placów zabaw,- wiele miejsc parkingowych zlokalizowanych w obrębie osiedla,- i wiele więcej!Mieszkanie wolne od zaraz. Zapraszamy na prezentację nieruchomości!Zarezerwuj swoją nieruchomość już teraz. Przy zakupie należy uwzględnić koszty notarialne oraz wynagrodzenie biura nieruchomości w wysokości 1,63% brutto.AMERICAN HOME FINANCE Wstępną decyzje finansową otrzymasz bezpośrednio w naszym biurze. American Home, Elbląg, Związku Jaszczurczego 13B
                                    

""Właścicielem ogłoszenia wraz z jego elementami jest American Home Łukasz Szulc lub podmioty współpracujące. Wszelkie prawa zastrzeżone. Kopiowanie, rozpowszechnianie oraz korzystanie z niniejszych materiałów w jakikolwiek inny sposób wykraczający poza dozwolony użytek określony przepisami ustawy z 4 lutego 1994 r. o prawie autorskim i prawach pokrewnych (Dz. U. 1994, nr 24 poz. 83 z późn. zm.) bez pisemnej zgody American Home Łukasz Szulc lub podmiotów współpracujących jest zabronione i może stanowić podstawę odpowiedzialności cywilnej oraz karnej.Ponadto niniejsze materiały stanowią tajemnicę przedsiębiorstwa American Home Łukasz Szulc lub podmiotów współpracujących w rozumieniu ustawy z dnia 16 kwietnia 1993 r. o zwalczaniu nieuczciwej konkurencji (Dz. U. z 2003 r., Nr 153, poz. 1503 z późn. zm.). Niniejsze ogłoszenie nie stanowi oferty w rozumieniu Kodeksu Cywilnego, lecz ma charakter informacyjny.""
Informacje



 Internet
 Gaz
 Meble
 Domofon



";wtórny;3;2;-1;4 431 PLN / m2;-1;średni;1912;-1;-1;-1;-1;-1;-1;-1;1809;-1;498;1809;4;-1;-1;-1;-1;501 635 879;biuro@americanhome.pl;American Home;-1;09/05/2022
mieszkanie;382000;Sprzedaż;-1;64.8 m2;-1;https://www.americanhome.pl/oferta/1808-2-1/mieszkania-sprzedaz-elblag-adama-mickiewicza;13;https://www.americanhome.pl//photos/237/3220.jpg,https://www.americanhome.pl//photos/237/3221.jpg,https://www.americanhome.pl//photos/237/3222.jpg,https://www.americanhome.pl//photos/237/3223.jpg,https://www.americanhome.pl//photos/237/3224.jpg,https://www.americanhome.pl//photos/237/3225.jpg,https://www.americanhome.pl//photos/237/3226.jpg,https://www.americanhome.pl//photos/237/3227.jpg,https://www.americanhome.pl//photos/237/3228.jpg,https://www.americanhome.pl//photos/237/3229.jpg,https://www.americanhome.pl//photos/237/3230.jpg,https://www.americanhome.pl//photos/237/3231.jpg,https://www.americanhome.pl//photos/237/3232.jpg,;https://www.americanhome.pl//photos/237/3220.jpg;https://www.americanhome.pl//photos/237/3220.jpg;"
Mieszkanie na sprzedaż (Elbląg, Adama Mickiewicza)

Sprzedam mieszkanie położone w samym centrum przy ul. Mickiewicza w Elblągu. Mieszkanie znajduje się na parterze. Lokal ma powierzchnię 64,80m2 i składa się z dwóch osobnych pokoi, trzeciego pokoju w którym zrobiono jadalnię, przedpokoju, kuchni, łazienki oraz osobnego  WC.  Mieszkanie jest w pełni wyposażone. Media, woda oraz ogrzewanie z sieci miejskiej. Miejsce postojowe za szlabanem, bardzo ułatwiające życie wszystkim zmotoryzowanym. Lokal wyposażony jest w alarm, co jest dodatkowym atutem. Do mieszkania przynależy pomieszczenie piwnicy o powierzchni 8,10 m2.Ważnym aspektem każdej nieruchomości jest jej położenie. Centrum miasta, liczne sklepy, szkoła, wygodna komunikacja oraz inne udogodnienia mieszkania w centralnym punkcie miasta zwiększają komfort mieszkania. Mieszkanie wolne od zaraz. Zapraszamy na prezentację nieruchomości!Atuty mieszkania: a) trzy pokoje   b) całe umeblowanie pozostaje c) łazienka z kabiną prysznicową  d) oddzielne wc e) całe mieszkanie wyremontowane f) ogrzewanie i woda z miastag) mieszkanie na parterzeZarezerwuj swoją nieruchomość już teraz. Przy zakupie należy uwzględnić koszty notarialne oraz wynagrodzenie biura nieruchomości w wysokości 1,53% brutto.AMERICAN HOME FINANCE    Wstępną decyzje finansową otrzymasz bezpośrednio w naszym biurze.    American Home, Elbląg,    Związku Jaszczurczego 13B


""Właścicielem ogłoszenia wraz z jego elementami jest American Home Łukasz Szulc lub podmioty współpracujące. Wszelkie prawa zastrzeżone. Kopiowanie, rozpowszechnianie oraz korzystanie z niniejszych materiałów w jakikolwiek inny sposób wykraczający poza dozwolony użytek określony przepisami ustawy z 4 lutego 1994 r. o prawie autorskim i prawach pokrewnych (Dz. U. 1994, nr 24 poz. 83 z późn. zm.) bez pisemnej zgody American Home Łukasz Szulc lub podmiotów współpracujących jest zabronione i może stanowić podstawę odpowiedzialności cywilnej oraz karnej.Ponadto niniejsze materiały stanowią tajemnicę przedsiębiorstwa American Home Łukasz Szulc lub podmiotów współpracujących w rozumieniu ustawy z dnia 16 kwietnia 1993 r. o zwalczaniu nieuczciwej konkurencji (Dz. U. z 2003 r., Nr 153, poz. 1503 z późn. zm.). Niniejsze ogłoszenie nie stanowi oferty w rozumieniu Kodeksu Cywilnego, lecz ma charakter informacyjny.""
Informacje



 Internet
 Piwnica
 Gaz
 Meble
 Domofon
 alarm
 Drzwi/okna antywłamaniowe



";wtórny;3;parter;-1;5 895 PLN / m2;-1;bardzo dobry;1961;-1;-1;-1;-1;-1;-1;-1;1808;-1;480;1808;4;-1;-1;-1;-1;501 635 879;biuro@americanhome.pl;American Home;-1;09/05/2022
mieszkanie;588900;Sprzedaż;-1;90.6 m2;-1;https://www.americanhome.pl/oferta/1782-2-1/mieszkania-sprzedaz-elblag-neonowa;10;https://www.americanhome.pl//photos/233/3144.jpg,https://www.americanhome.pl//photos/233/3145.jpg,https://www.americanhome.pl//photos/233/3146.jpg,https://www.americanhome.pl//photos/233/3147.jpg,https://www.americanhome.pl//photos/233/3148.jpg,https://www.americanhome.pl//photos/233/3149.jpg,https://www.americanhome.pl//photos/233/3150.jpg,https://www.americanhome.pl//photos/233/3151.jpg,https://www.americanhome.pl//photos/233/3152.jpg,https://www.americanhome.pl//photos/233/3153.jpg,;https://www.americanhome.pl//photos/233/3144.jpg;https://www.americanhome.pl//photos/233/3144.jpg;"
Mieszkanie na sprzedaż (Elbląg, Neonowa)

MIESZKANIE nr 13 na I piętrzeSprzedam mieszkanie developerskie o powierzchni 90,60 m2 składające się z:salonu z aneksem kuchennym - pow. 26,75m2pokój - pow. 14,06 m2pokój - pow 14,35 m2pokój - 12,48 m2łazienka  - pow. 6,33 m2wc - 1,51 m2przedpokój - pow. 15,12 m2oddzielny balkon - pow. 13,28 m2Dodatkowo możliwość zakupu: -komórka lokatorska -miejsce parkingowe w hali garażowej Jedne z ważniejszych autów mieszkania:1.      klimatyzacja2.      ogrzewanie podłogowe3.      drzwi antywyważeniowe4.      wideo domofon 5.      ogrzewanie i woda z miasta6.      dwie windyBudynek mieszkalno-usługowy Neonowa Point: Neonowa Point to najbardziej oczekiwanych inwestycji w centrum Elbląga. Neonowa Point, to połączenie luksusu mieszkaniowego i poprzez otaczające inwestycję tarasy oraz przyległy park, funkcji wypoczynkowej. Pięć kondygnacji w tym 48 lokali mieszkalnych i 1 lokal usługowy, 30 miejsc postojowych w hali garażowej i 24 komórek lokatorskich. Nasza inwestycja realizowana u zbiegu ulic Neonowe, Oboźnej i Związku Jaszczurczego. Neonowa Point to nowa jakość budownictwa w Elblągu. Budynek swoją architekturą i funkcją będą spełniały oczekiwania najbardziej wymagających klientów. Usytuowanie budynku spowoduje doskonałe naświetlenie mieszkań o każdej porze dnia.Finansowanie/ kredyt: Zależy Ci na tym, aby podchodząc do umowy deweloperskiej mieć pewność, że Bank udzieli Ci kredytu? Masz niestandardową umowę o pracę? Twoja sytuacja nie jest ujęta w procedurach banków? A może zwyczajnie wiesz już, że masz zdolność kredytową a chciałbyś uzyskać najlepszą ofertę lub mieć przynajmniej wybór pomiędzy ofertami kredytów hipotecznych?Wysoki poziom wiedzy , wartości którymi się kierujemy oraz bezpośredni kontakt z analitykami pozwala nam bezpiecznie przeprowadzić Ciebie i Twoich najbliższych przez kwestię finansowania nieruchomości, uzyskując przy tym optymalną ofertę kredytu. Na naszą opiekę i konsultację możesz liczyć w trakcie całego okresu kredytowania.Zarezerwuj swoją nieruchomość już teraz.  Jeżeli posiadasz swoją nieruchomość na sprzedaż, pomożemy ją sfinalizować a wówczas szybciej będziesz miał środki na nową nieruchomość.AMERICAN HOME FINANCE Wstępną decyzje finansową otrzymasz bezpośrednio w naszym biurze. American Home, Elbląg, Związku Jaszczurczego 13B http://americanhome.pl
                                    

""Właścicielem ogłoszenia wraz z jego elementami jest American Home Łukasz Szulc lub podmioty współpracujące. Wszelkie prawa zastrzeżone. Kopiowanie, rozpowszechnianie oraz korzystanie z niniejszych materiałów w jakikolwiek inny sposób wykraczający poza dozwolony użytek określony przepisami ustawy z 4 lutego 1994 r. o prawie autorskim i prawach pokrewnych (Dz. U. 1994, nr 24 poz. 83 z późn. zm.) bez pisemnej zgody American Home Łukasz Szulc lub podmiotów współpracujących jest zabronione i może stanowić podstawę odpowiedzialności cywilnej oraz karnej.Ponadto niniejsze materiały stanowią tajemnicę przedsiębiorstwa American Home Łukasz Szulc lub podmiotów współpracujących w rozumieniu ustawy z dnia 16 kwietnia 1993 r. o zwalczaniu nieuczciwej konkurencji (Dz. U. z 2003 r., Nr 153, poz. 1503 z późn. zm.). Niniejsze ogłoszenie nie stanowi oferty w rozumieniu Kodeksu Cywilnego, lecz ma charakter informacyjny.""
Informacje



 Internet
 Piwnica
 Osiedle zamknięte
 Domofon
 Winda
 Drzwi/okna antywłamaniowe
 Przyst. dla niepełnosprawnych



";pierwotny;4;1;-1;6 500 PLN / m2;-1;bardzo dobry;2022;-1;-1;-1;-1;-1;-1;-1;1782;-1;-1;1782;4;-1;-1;-1;-1;501 635 879;biuro@americanhome.pl;American Home;-1;09/05/2022
mieszkanie;365000;Sprzedaż;-1;49.2 m2;-1;https://www.americanhome.pl/oferta/1774-2-1/mieszkania-sprzedaz-elblag-korczaka;17;https://www.americanhome.pl//photos/229/3089.jpg,https://www.americanhome.pl//photos/229/3090.jpg,https://www.americanhome.pl//photos/229/3091.jpg,https://www.americanhome.pl//photos/229/3092.jpg,https://www.americanhome.pl//photos/229/3093.jpg,https://www.americanhome.pl//photos/229/3094.jpg,https://www.americanhome.pl//photos/229/3095.jpg,https://www.americanhome.pl//photos/229/3096.jpg,https://www.americanhome.pl//photos/229/3097.jpg,https://www.americanhome.pl//photos/229/3098.jpg,https://www.americanhome.pl//photos/229/3099.jpg,https://www.americanhome.pl//photos/229/3100.jpg,https://www.americanhome.pl//photos/229/3101.jpg,https://www.americanhome.pl//photos/229/3102.jpg,https://www.americanhome.pl//photos/229/3103.jpg,https://www.americanhome.pl//photos/229/3104.jpg,https://www.americanhome.pl//photos/229/3105.jpg,;https://www.americanhome.pl//photos/229/3089.jpg;https://www.americanhome.pl//photos/229/3089.jpg;"
Mieszkanie na sprzedaż (Elbląg, Korczaka)

                                        Na sprzedaż mieszkanie 2 pokojowe przy ulicy Korczaka nad Jarem. Mieszkanie, do którego możesz wejść i zamieszkać bez konieczności wcześniejszej wizyty budowlańców ani też przeżywania remontów.  Idealna lokalizacja dla rodzin z dziećmi. Pełna infrastruktura handlowo usługowa. Przedszkola, szkoły sklepy i wiele innych. Mieszkanie 2-pokojowe o powierzchni 49,20 m2 w świetnej lokalizacji czeka na nowego właściciela. Świetna propozycja właśnie dla Was lub jako inwestycja pod wynajem. Nieruchomość usytuowana na I (pierwszym) piętrze czteropiętrowego budynku przy ul. Korczaka (Nad jarem) w Elblągu. Prezentowane mieszkanie składa się z dwóch oddzielnych pokoi ( w jednym pokoju zabudowa szafy), kuchni w całej zabudowie (piekarnik, mikrofalówka, płyta gazowa, lodówka), przedpokój w której znajduje się zabudowa szafy oraz łazienka z wc (jest miejsce na pralkę).  Okna PCV.  Do mieszkania przynależy piwnica o powierzchni 7,03 m2. Atuty mieszkania: 1. Ogrzewanie z miasta 2. Dwa oddzielne pokoje 3. Balkon 4. Pierwsze piętro 5. Miejsca parkingowe przed budynkiem 6. Plac zabaw dla dzieci obok budynku 7. W mieszkaniu bardzo ciepło  8. Piwnica o powierzchni 7,03 m2 Atutu lokalizacji: 1.Dzielnica Nad Jarem 2. Na tej samej ulicy szkoła podstawowa nr11 3. Plac zabaw dla dzieci 4. Bardzo dużo różnego rodzaju sklepów5.Carrefour, Centrum Ogrody 6.MultikinoNieruchomość mieści się przy ulicy Korczaka w Elblągu. Tą część miasta jest najbardziej pożądanym miejscem, ponieważ ma liczne linie autobusowe i tramwajowe, sklepy osiedlowe. Poza tym znajdziemy tu pocztę, bankomaty, apteka, bank, place zabaw. Dodatkowym udogodnieniem dla osób mających dzieci będzie bliskość, przedszkola, szkoły oraz żłobka.  Czujesz, że to miejsce w Twoim stylu? Czynsz administracyjny wynosi ok. 580 zł do spółdzielni mieszkaniowej.  Dzięki spokojnym, miłym sąsiadom, klatka schodowa oraz pozostałe części wspólne budynku są bardzo zadbane i czyste. Zarezerwuj swoją nieruchomość już teraz. Do ceny nieruchomości należy dodać wynagrodzenie biura nieruchomości w wysokości 1,53% brutto.  AMERICAN HOME FINANCE Wstępną decyzje finansową otrzymasz bezpośrednio w naszym biurze.   American Home Elbląg,  Związku Jaszczurczego 13B http://americanhome.pl
                                    

""Właścicielem ogłoszenia wraz z jego elementami jest American Home Łukasz Szulc lub podmioty współpracujące. Wszelkie prawa zastrzeżone. Kopiowanie, rozpowszechnianie oraz korzystanie z niniejszych materiałów w jakikolwiek inny sposób wykraczający poza dozwolony użytek określony przepisami ustawy z 4 lutego 1994 r. o prawie autorskim i prawach pokrewnych (Dz. U. 1994, nr 24 poz. 83 z późn. zm.) bez pisemnej zgody American Home Łukasz Szulc lub podmiotów współpracujących jest zabronione i może stanowić podstawę odpowiedzialności cywilnej oraz karnej.Ponadto niniejsze materiały stanowią tajemnicę przedsiębiorstwa American Home Łukasz Szulc lub podmiotów współpracujących w rozumieniu ustawy z dnia 16 kwietnia 1993 r. o zwalczaniu nieuczciwej konkurencji (Dz. U. z 2003 r., Nr 153, poz. 1503 z późn. zm.). Niniejsze ogłoszenie nie stanowi oferty w rozumieniu Kodeksu Cywilnego, lecz ma charakter informacyjny.""
Informacje



 Internet
 Piwnica
 Gaz
 Meble
 Domofon
 Drzwi/okna antywłamaniowe



";wtórny;2;1;-1;7 419 PLN / m2;-1;bardzo dobry;1981;-1;-1;-1;-1;-1;-1;-1;1774;-1;580;1774;4;-1;-1;-1;-1;501 635 879;biuro@americanhome.pl;American Home;-1;09/05/2022
mieszkanie;435000;Sprzedaż;-1;75 m2;-1;https://www.americanhome.pl/oferta/1770-2-1/mieszkania-sprzedaz-elblag-mikolaja-kopernika;20;https://www.americanhome.pl//photos/227/3057.jpg,https://www.americanhome.pl//photos/227/3058.jpg,https://www.americanhome.pl//photos/227/3059.jpg,https://www.americanhome.pl//photos/227/3060.jpg,https://www.americanhome.pl//photos/227/3061.jpg,https://www.americanhome.pl//photos/227/3062.jpg,https://www.americanhome.pl//photos/227/3063.jpg,https://www.americanhome.pl//photos/227/3064.jpg,https://www.americanhome.pl//photos/227/3065.jpg,https://www.americanhome.pl//photos/227/3066.jpg,https://www.americanhome.pl//photos/227/3067.jpg,https://www.americanhome.pl//photos/227/3068.jpg,https://www.americanhome.pl//photos/227/3069.jpg,https://www.americanhome.pl//photos/227/3070.jpg,https://www.americanhome.pl//photos/227/3071.jpg,https://www.americanhome.pl//photos/227/3072.jpg,https://www.americanhome.pl//photos/227/3073.jpg,https://www.americanhome.pl//photos/227/3074.jpg,https://www.americanhome.pl//photos/227/3075.jpg,https://www.americanhome.pl//photos/227/3076.jpg,;https://www.americanhome.pl//photos/227/3057.jpg;https://www.americanhome.pl//photos/227/3057.jpg;"
Mieszkanie na sprzedaż (Elbląg, Mikołaja Kopernika)

Sprzedam wyjątkowe 3-pokojowe mieszkanie przy ulicy Kopernika. Mieszkanie o powierzchni 75 m2, umiejscowione na atrakcyjnym 1. piętrze w budynku mieszkalnym (kamienica), który znajduje się w bardzo dobrej lokalizacji przy ulicy Kopernika. Mieszkanie składa się z dużego salonu, z której widać piękne tereny zielone oraz dwóch odrębnych pokoi; kuchni w całej zabudowie, łazienki z oknem i korytarza. Lokal mieszkalny nadaje się do zamieszkania, bądź własnej aranżacji, posiada wymienioną instalację elektryczną oraz kanalizacyjną. Prawie całe mieszkanie skierowane jest na stronę południową a jeden pokój na stronę północną, czyli cały dzień jasno i słonecznie. Wszystkie media z miasta. Zarządcą nieruchomości jest ""Wspólnota mieszkaniowa przy ulicy Krzyżanowskiego"". Klatka schodowa czysta. W pobliżu znajduje się odnowiony amifteatr, dwie plaże nad rzeką Kumielą, miejsca do rekreacji dla każdej grupy wiekowej, nowe ścieżki pieszo-rowerowe najważniejsze największy plac zabaw w Elblągu (park Dolinka).  Dodatkowo restauracja, sklepy spożywcze i wiele firm. Osiedle jest atrakcyjne również ze względu na bliskość komunikacji miejskiej. Atuty mieszkania: -świetna lokalizacja, - duża jasna kuchnia w całej zabudowie, - ogrzewanie i ciepła woda z sieci miejskiej - miejsca parkingowe pod samym budynkiem - wyposażenie kuchni pozostaje w cenie - klatka schodowa zabezpieczona domofonem, - bliskie sąsiedztwo szkoły podstawowej i przedszkola, - działka ogólnodostępna dla wszystkich mieszkańców- dostęp do pomieszczenia typu strych- dwie piwnice (16m2 i 3 m2) Co mogę więcej dodać? Koniecznie zobaczcie to mieszkanie, bo jestem pewny że te mieszkanie zrobi na Was  wrażenie, a jeżeli planujecie zakupić mieszkanie na kredyt,  to nasz doradca finansowy bezpłatnie pomoże Wam w otrzymaniu jak najkorzystniejszej oferty. Pomogła już wielu osobom w uzyskaniu bardzo korzystnych warunków kredytowych i może pomóc również Tobie.Zarezerwuj swoją nieruchomość już teraz.   Przy zakupie należy uwzględnić koszty notarialne oraz wynagrodzenie biura nieruchomości w wysokości 1,53% brutto.AMERICAN HOME FINANCE  Wstępną decyzje finansową otrzymasz bezpośrednio w naszym biurze.  American Home, Elbląg,  Związku Jaszczurczego 13B http://americanhome.pl


""Właścicielem ogłoszenia wraz z jego elementami jest American Home Łukasz Szulc lub podmioty współpracujące. Wszelkie prawa zastrzeżone. Kopiowanie, rozpowszechnianie oraz korzystanie z niniejszych materiałów w jakikolwiek inny sposób wykraczający poza dozwolony użytek określony przepisami ustawy z 4 lutego 1994 r. o prawie autorskim i prawach pokrewnych (Dz. U. 1994, nr 24 poz. 83 z późn. zm.) bez pisemnej zgody American Home Łukasz Szulc lub podmiotów współpracujących jest zabronione i może stanowić podstawę odpowiedzialności cywilnej oraz karnej.Ponadto niniejsze materiały stanowią tajemnicę przedsiębiorstwa American Home Łukasz Szulc lub podmiotów współpracujących w rozumieniu ustawy z dnia 16 kwietnia 1993 r. o zwalczaniu nieuczciwej konkurencji (Dz. U. z 2003 r., Nr 153, poz. 1503 z późn. zm.). Niniejsze ogłoszenie nie stanowi oferty w rozumieniu Kodeksu Cywilnego, lecz ma charakter informacyjny.""
Informacje



 Internet
 Piwnica
 Gaz
 Meble
 Domofon



";wtórny;3;1;-1;5 800 PLN / m2;-1;dobry;1930;-1;-1;-1;-1;-1;-1;-1;1789;-1;-1;1789;2;-1;-1;-1;-1;501 635 879;biuro@americanhome.pl;American Home;-1;09/05/2022
dom;679000;Sprzedaż;-1;160.72 m2;-1;https://www.americanhome.pl/oferta/1773-1-1/domy-sprzedaz-gronowo-gorne-szafirowa;12;https://www.americanhome.pl//photos/228/3077.jpg,https://www.americanhome.pl//photos/228/3078.jpg,https://www.americanhome.pl//photos/228/3079.jpg,https://www.americanhome.pl//photos/228/3080.jpg,https://www.americanhome.pl//photos/228/3081.jpg,https://www.americanhome.pl//photos/228/3082.jpg,https://www.americanhome.pl//photos/228/3083.jpg,https://www.americanhome.pl//photos/228/3084.jpg,https://www.americanhome.pl//photos/228/3085.jpg,https://www.americanhome.pl//photos/228/3086.jpg,https://www.americanhome.pl//photos/228/3087.jpg,https://www.americanhome.pl//photos/228/3088.jpg,;https://www.americanhome.pl//photos/228/3077.jpg;https://www.americanhome.pl//photos/228/3077.jpg;"
Dom na sprzedaż (elbląski, Elbląg, Gronowo Górne, Szafirowa)

                                        Sprzedam dom o powierzchni całkowitej wraz z garażem i kotłownią wynosi 160,72 m2 w stanie surowym w miejscowości Gronowo Górne przy ul. Szafirowej. Powierzchnia mieszkalna 136,52 m2, garaż na jeden samochód 18,37 m2 i kotłownia 5,83 m2. ZALETY NIERUCHOMOŚCI : Ciche, spokojne, kameralne osiedle blisko Elbląga, 5 minut do najbliższej szkoły, 5 minut do sklepu LIDL/BIEDRONKA.  Działka nr 151/11 o powierzchni 1008m2 została wydzielona z dużej działki, z której powstał kompleks 10 działek budowlanych. Obecnie w sąsiedztwie trwają 3 rozpoczęte budowy domów jednocześnie, a wszystkie działki są sprzedane przez inwestora. Dom według projektu firmy ARCHON - DOM W MALINÓWKACH 8G LUSTRZANE ODBICIE Projekt został zmieniony przez projektanta przy udziale inwestora z myślą o efektywnym wykorzystaniu każdego miejsca w domu, tak aby był jak najbardziej użyteczny i przyjazny dla mieszkańców. Zestawienie powierzchni pomieszczeń : PARTER Wiatrołap : 5,43m2,  Salon + jadalnia : 31,53m2, Kuchnia : 11,96m2, Spiżarnia: 2,47m2, Pokój gościnny : 8,46m2, Łazienka: 2,83m2, Kotłownia : 5,83m2, Garaż : 18,38m2 Piętro I Hol + Schody: 12,40m2, pomieszczenie gospodarcze ( np. pralnia) : 4,03m2, pierwsza sypialnia : 9,70m2, druga sypialnia : 11,84m2, trzecia sypialnia 3 : 12,68m2, czwarta sypialnia: 14,13m2, Łazienka : 5,92m2, Garderoba : 3,14m2 Możliwość przebudowy i powiększenia łazienki, (połączenie z pokojem) lub zamiany pomieszczeń. Media : Prąd -podpisana umowa z firmą Energa - oczekuje na przyłączenie do budynku, umowa podpisana. Woda - w drodze przy działce, zgoda EPEWIK na podłączenie do sieci. Na tym etapie możliwość podłączenia paneli fotowoltaicznych i połączenie z pompą ciepła. Ogrzewanie - istnieje możliwość podłączenia dwóch alternatywnych źródeł ogrzewania - pompa ciepła - główne źródło - zbiornik gazowy zewnętrzny - dodatkowe źródło ( do wyboru) - kominek na drewno ? dodatkowe źródło Podłączenie do sieci miejskiej możliwe w ciągu dwóch lat. Nieruchomość obecnie w stanie surowym zamkniętym, dach pokryty dachówką ceramiczną oraz zamontowano okna. W domu dodatkowo zostaną zamontowane drzwi wejściowe, drzwi do ogrodu z kotłowni w cenie. Cena domu 679 000 zł uwzględnia stan obecny nieruchomości. Cena do negocjacji. Możliwość pomocy w dalszych pracach tj. : prowadzenie inwestycji przez kierownika budowy, ocieplenie budynku ( elewacja i poddasze), doprowadzenie przyłącz wod-kan, wykonania instalacji elektrycznej i hydraulicznej, położenie tynków oraz posadzek, zlecenie projektu wnętrza projektantowi oraz wykonanie prac wykończeniowych firmie budowlanej, zlecenie projektu ogrodu i wykonawstwa firmie ogrodniczej. Wycena powyższych prac i przygotowanie nieruchomości pod klucz w zależności od projektu ostatecznego uzgodnionego przez inwestora oraz projektantów (nowego nabywcę). Szacowany koszt od 150 000 zł do 280 000 zł. Zapraszamy na prezentację po wcześniejszym umówieniu się.Zarezerwuj swoją nieruchomość już teraz. AMERICAN HOME FINANCE  Wstępną decyzje finansową otrzymasz bezpośrednio w naszym biurze.  American Home,  Elbląg,  Związku Jaszczurczego 13B americanhome.pl
                                    

""Właścicielem ogłoszenia wraz z jego elementami jest American Home Łukasz Szulc lub podmioty współpracujące. Wszelkie prawa zastrzeżone. Kopiowanie, rozpowszechnianie oraz korzystanie z niniejszych materiałów w jakikolwiek inny sposób wykraczający poza dozwolony użytek określony przepisami ustawy z 4 lutego 1994 r. o prawie autorskim i prawach pokrewnych (Dz. U. 1994, nr 24 poz. 83 z późn. zm.) bez pisemnej zgody American Home Łukasz Szulc lub podmiotów współpracujących jest zabronione i może stanowić podstawę odpowiedzialności cywilnej oraz karnej.Ponadto niniejsze materiały stanowią tajemnicę przedsiębiorstwa American Home Łukasz Szulc lub podmiotów współpracujących w rozumieniu ustawy z dnia 16 kwietnia 1993 r. o zwalczaniu nieuczciwej konkurencji (Dz. U. z 2003 r., Nr 153, poz. 1503 z późn. zm.). Niniejsze ogłoszenie nie stanowi oferty w rozumieniu Kodeksu Cywilnego, lecz ma charakter informacyjny.""
Informacje



 Poddasze
 Kominek



";wtórny;3;-1;-1;4 225 PLN / m2;-1;-1;2022;-1;-1;-1;-1;-1;-1;-1;1773;-1;-1;1773;-1;-1;-1;-1;-1;501 635 879;biuro@americanhome.pl;American Home;-1;09/05/2022
dom;1595000;Sprzedaż;-1;305 m2;-1;https://www.americanhome.pl/oferta/1762-1-1/milejewo-mikolaja-kopernika-dwa-domy-ze-stawem-w-milejewie-ogrod-1ha;57;https://www.americanhome.pl//photos/221/2919.jpg,https://www.americanhome.pl//photos/221/2920.jpg,https://www.americanhome.pl//photos/221/2921.jpg,https://www.americanhome.pl//photos/221/2922.jpg,https://www.americanhome.pl//photos/221/2923.jpg,https://www.americanhome.pl//photos/221/2924.jpg,https://www.americanhome.pl//photos/221/2925.jpg,https://www.americanhome.pl//photos/221/2926.jpg,https://www.americanhome.pl//photos/221/2927.jpg,https://www.americanhome.pl//photos/221/2928.jpg,https://www.americanhome.pl//photos/221/2929.jpg,https://www.americanhome.pl//photos/221/2930.jpg,https://www.americanhome.pl//photos/221/2931.jpg,https://www.americanhome.pl//photos/221/2932.jpg,https://www.americanhome.pl//photos/221/2933.jpg,https://www.americanhome.pl//photos/221/2934.jpg,https://www.americanhome.pl//photos/221/2935.jpg,https://www.americanhome.pl//photos/221/2936.jpg,https://www.americanhome.pl//photos/221/2937.jpg,https://www.americanhome.pl//photos/221/2938.jpg,https://www.americanhome.pl//photos/221/2939.jpg,https://www.americanhome.pl//photos/221/2940.jpg,https://www.americanhome.pl//photos/221/2941.jpg,https://www.americanhome.pl//photos/221/2942.jpg,https://www.americanhome.pl//photos/221/2943.jpg,https://www.americanhome.pl//photos/221/2944.jpg,https://www.americanhome.pl//photos/221/2945.jpg,https://www.americanhome.pl//photos/221/2946.jpg,https://www.americanhome.pl//photos/221/2947.jpg,https://www.americanhome.pl//photos/221/2948.jpg,https://www.americanhome.pl//photos/221/2949.jpg,https://www.americanhome.pl//photos/221/2950.jpg,https://www.americanhome.pl//photos/221/2951.jpg,https://www.americanhome.pl//photos/221/2952.jpg,https://www.americanhome.pl//photos/221/2953.jpg,https://www.americanhome.pl//photos/221/2954.jpg,https://www.americanhome.pl//photos/221/2955.jpg,https://www.americanhome.pl//photos/221/2956.jpg,https://www.americanhome.pl//photos/221/2957.jpg,https://www.americanhome.pl//photos/221/2958.jpg,https://www.americanhome.pl//photos/221/2959.jpg,https://www.americanhome.pl//photos/221/2960.jpg,https://www.americanhome.pl//photos/221/2961.jpg,https://www.americanhome.pl//photos/221/2962.jpg,https://www.americanhome.pl//photos/221/2963.jpg,https://www.americanhome.pl//photos/221/2964.jpg,https://www.americanhome.pl//photos/221/2965.jpg,https://www.americanhome.pl//photos/221/2966.jpg,https://www.americanhome.pl//photos/221/2967.jpg,https://www.americanhome.pl//photos/221/2968.jpg,https://www.americanhome.pl//photos/221/2969.jpg,https://www.americanhome.pl//photos/221/2970.jpg,https://www.americanhome.pl//photos/221/2971.jpg,https://www.americanhome.pl//photos/221/2972.jpg,https://www.americanhome.pl//photos/221/2973.jpg,https://www.americanhome.pl//photos/221/2974.jpg,https://www.americanhome.pl//photos/221/2975.jpg,;https://www.americanhome.pl//photos/221/2919.jpg;https://www.americanhome.pl//photos/221/2919.jpg;"
Dwa domy ze stawem w Milejewie, ogród 1ha (elbląski, Milejewo, Mikołaja Kopernika)

Zapraszam Państwa do zapoznania się z wyjątkową ofertą sprzedaży nieruchomości położonej w miejscowości MilejewoMilejewo jest to wieś w Polsce położona w województwie warmińsko-mazurskim, w powiecie elbląskim, w gminie Milejewo na Wysoczyźnie Elbląskiej przy drodze wojewódzkiej nr 504. Transport publiczny jest obsługiwany przez komunikację miejską Elbląga i PKS. Miejscowość jest siedzibą gminy Milejewo. Komfort codziennego życia w Milejewie zyskujemy dzięki licznym udogodnieniom, takimi jak : sklepy, poczta, szkoła, przedszkole, place zabaw, kościół, urząd gminy, Ochotnicza Straż Pożarna, boisko ""ORLIK"", gospodarstwo agroturystyczne ""Milejewko"", pizzeria, zajęcia JUDO, świetlica wiejska.Na terenie gminy znajduje się Jezioro Martwe z miejscem piknikowym zwanym Polaną Smoków. Jest to licznie odwiedzane miejsce weekendowych pikników mieszkańców Elbląga. Drugim, co do wielkości, akwenem wodnym na terenie gminy Milejewo jest Jezioro TROYL w Piastowie, przy którym prowadzone jest gospodarstwo agroturystyczne ""Pod Lasem"" ze szkółką jeździecką - miejsce licznych imprez jeździeckich i zorganizowanych form zimowego i letniego wypoczynku dzieci i młodzieży. Gmina ponadto posiada liczne szklaki turystyczne i wiele więcej!Zapraszam do obejrzenia i zakupu dwóch odrębnych domów, połączonych ze sobą garażemJest to idealna nieruchomość dla dwóch rodzin. Wjazd do posesji umożliwia droga wspólna, natomiast działki są odrębneDom użytkowany stale przez obecnych właścicieli, systematycznie ogrzewany - piec na ekogroszek i drewno. Nieruchomość idealna dla rodziny bądź rodzin, które szukają miejsca do odpoczynku po codziennej pracy, a jednocześnie miejsca z bogatym zapleczem edukacyjnym i handlowo-usługowym.Dom I o powierzchni 164m2:Parter :Parter tej nieruchomości składa się ze słonecznej kuchni, która znajduje się w sąsiedztwie jadalni - w której widok z okna wychodzi na ogród; znajduje się tu również wiatrołap, przestronny przedpokój, ustawna łazienka z wc., duża garderoba, gabinet, a całość dopełnia ogromny salon z wyjściem na taras. Efektowny taras pozwala na kontakt z naturą bez zbytniego oddalania się od domowego zacisza.Poddasze użytkowe :Na piętrze znajduje się strefa nocna - Występują tu 3 duże sypialnie, nowoczesna łazienka wyremontowana w 2022roku oraz korytarz. Jedna z sypialni posiada wyjście na taras znajdujący się bezpośrednio nad garażem.Dom posiada oświetlenie LED-owe, dzięki czemu zyskuje niskie koszty utrzymania.Kanalizacja : przydomowa oczyszczalnia ściekówDomy połączone są ze sobą garażem o powierzchni użytkowej 55,70m2.Dom II o powierzchni 141m2:Parter:Parter tej nieruchomości składa się ze słonecznej kuchni połączonej z salonem, w którym znajduje się wyjście na taras; wiatrołapu, przestronnego przedpokoju, dużej sypialni oraz ustawnej łazienki z wc.Poddasze użytkowe:Poddasze składa się ze spiżarki, garderoby, pokoju z wyjściem na taras oraz pomieszczenia nadającego się do zaadoptowania. Kanalizacja : SzamboNieruchomość, w skład której oprócz domów wchodzi wiata o powierzchni około 60 m2 w której możemy przechowywać narzędzia, meble ogrodowe bądź sprzęt sportowy, usytuowana jest na zadbanej działce o powierzchni aż 10 342 m2, w której letnią porą możemy delektować się poranną kawą, a w tle słyszeć śpiew ptaków i spędzać rodzinny czas grillując. Teren działki ogrodzony. Na posesji możemy zaparkować przynajmniej dwa samochody, ukształtowanie terenu jest płaskie. nieruchomość uzbrojona w media (woda i prąd, szambo oraz przydomowa oczyszczalnia ścieków). Istnieje możliwość stworzenia domu w pełni autonomicznego za dodatkową opłatą. Lokalizacja stwarza duże możliwości rozbudowy, a bliski dostęp do sklepów oraz przedszkola czy też szkoły zwiększa komfort codziennego życia. Posesja położona blisko drogi głównej wojewódzkiej asfaltowej zapewniającej swobodny dojazd własnym samochodem oraz transportem publicznym do Elbląga. W okolicy znajduje się pełna infrastruktura handlowo-usługowa: szkoła, przedszkole, bank, przychodnia zdrowia, Urząd Gminy Milejewo, kościół, stacja benzynowa, przystanek autobusowy, sklepy spożywcze. Nieruchomość bardzo dobrze położona komunikacyjnie względem okolicznych miast. W ciągu 10 minut dojeżdża się do Elbląga, 16 minut zajmuje droga do Fromborka, zaś w około 25 minut można znaleźć się w Braniewie. Dobry dojazd do miast zapewnia wojewódzka droga asfaltowa. Największymi atutami nieruchomości jest lokalizacja, własny zadbany ogród wraz ze stawem oraz bogate zaplecze handlowo-usługowe dające duży komfort zamieszkania, a z drugiej możliwość wypoczynku po długim dniu pracy w otoczeniu zieleni. Atuty domu:- wiata wolnostojąca w cenie, - gotowy do zamieszkania,- ogrodzona działka,- domy o powierzchni 164 m2 oraz 141 m2, - ogrzewanie na ekogroszek badź drewno,- garażem o powierzchni 55,70 m2,- nie wymaga nakładów finansowych, ale stwarza możliwości własnej aranżacji,- 6 sypialni, - niskie koszty eksploatacyjne, - działka posiada drogę utwardzoną,- Istnieje możliwość stworzenia domu w pełni autonomicznego za dodatkową opłatą,- wiele miejsc parkingowych na działce,- media na działce (woda, prąd),- szambo,- przydomowa oczyszczalnia ścieków,- meble i sprzęt w cenie,- własny ogród,- działka o powierzchni 10 342 m2,- dom o łącznej powierzchni użytkowej 305 m2, - wybudowany w 2007r.,- 3 łazienki z wc., - cicha lokalizacja,- staw o powierzchni około 600 m2,- zadbany grunt,- liczne nasadzenia drzew owocowych oraz iglaste drzewa, - bezczynszowa nieruchomość,- płaska działka,- i wiele więcej.Główne atuty lokalizacji:- bliski dojazd do Elbląga (10 minut), 16 minut zajmuje droga do Fromborka, zaś w około 25 minut można znaleźć się w Braniewie,- Dobry dojazd do miast zapewnia wojewódzka droga asfaltowa nr 504, - zadbany ogród,- bliski dostęp do sklepów oraz przedszkola czy też szkoły zwiększający komfort codziennego życia,- cisza i spokój,- transport publiczny do Elbląga,- pełna infrastruktura handlowo-usługowa: szkoła, przedszkole, bank, przychodnia zdrowia, Urząd Gminy Milejewo, kościół, stacja benzynowa, przystanek autobusowy, sklepy spożywcze, Ochotnicza Straż Pożarna, boisko ""ORLIK"", gospodarstwo agroturystyczne ""Milejewko"", pizzeria, zajęcia JUDO, świetlica wiejska,- jeziora na terenie gminy,- wiele innych atrakcji oraz ciekawych miejsc turystycznych i rekreacyjnych!Zarezerwuj swoją nieruchomość już teraz.    AMERICAN HOME FINANCE   Wstępną decyzje finansową otrzymasz bezpośrednio w naszym biurze. American Home, Elbląg,   Związku Jaszczurczego 13Bhttp://americanhome.pl
                                    

""Właścicielem ogłoszenia wraz z jego elementami jest American Home Łukasz Szulc lub podmioty współpracujące. Wszelkie prawa zastrzeżone. Kopiowanie, rozpowszechnianie oraz korzystanie z niniejszych materiałów w jakikolwiek inny sposób wykraczający poza dozwolony użytek określony przepisami ustawy z 4 lutego 1994 r. o prawie autorskim i prawach pokrewnych (Dz. U. 1994, nr 24 poz. 83 z późn. zm.) bez pisemnej zgody American Home Łukasz Szulc lub podmiotów współpracujących jest zabronione i może stanowić podstawę odpowiedzialności cywilnej oraz karnej.Ponadto niniejsze materiały stanowią tajemnicę przedsiębiorstwa American Home Łukasz Szulc lub podmiotów współpracujących w rozumieniu ustawy z dnia 16 kwietnia 1993 r. o zwalczaniu nieuczciwej konkurencji (Dz. U. z 2003 r., Nr 153, poz. 1503 z późn. zm.). Niniejsze ogłoszenie nie stanowi oferty w rozumieniu Kodeksu Cywilnego, lecz ma charakter informacyjny.""
Informacje



 Internet
 Meble
 Poddasze



";wtórny;10;-1;-1;5 230 PLN / m2;-1;bardzo dobry;2007;-1;-1;-1;-1;-1;-1;-1;1762;-1;-1;1762;-1;-1;-1;-1;-1;501 635 879;biuro@americanhome.pl;American Home;-1;09/05/2022
dom;374000;Sprzedaż;-1;62 m2;-1;https://www.americanhome.pl/oferta/1748-1-1/milejewo-dom-z-ogrodem-w-centrum-milejewa;31;https://www.americanhome.pl//photos/211/2727.jpg,https://www.americanhome.pl//photos/211/2899.jpg,https://www.americanhome.pl//photos/211/2728.jpg,https://www.americanhome.pl//photos/211/2729.jpg,https://www.americanhome.pl//photos/211/2730.jpg,https://www.americanhome.pl//photos/211/2731.jpg,https://www.americanhome.pl//photos/211/2732.jpg,https://www.americanhome.pl//photos/211/2733.jpg,https://www.americanhome.pl//photos/211/2734.jpg,https://www.americanhome.pl//photos/211/2795.jpg,https://www.americanhome.pl//photos/211/2735.jpg,https://www.americanhome.pl//photos/211/2900.jpg,https://www.americanhome.pl//photos/211/2901.jpg,https://www.americanhome.pl//photos/211/2736.jpg,https://www.americanhome.pl//photos/211/2737.jpg,https://www.americanhome.pl//photos/211/2738.jpg,https://www.americanhome.pl//photos/211/2739.jpg,https://www.americanhome.pl//photos/211/2740.jpg,https://www.americanhome.pl//photos/211/2741.jpg,https://www.americanhome.pl//photos/211/2742.jpg,https://www.americanhome.pl//photos/211/2743.jpg,https://www.americanhome.pl//photos/211/2744.jpg,https://www.americanhome.pl//photos/211/2745.jpg,https://www.americanhome.pl//photos/211/2791.jpg,https://www.americanhome.pl//photos/211/2792.jpg,https://www.americanhome.pl//photos/211/2793.jpg,https://www.americanhome.pl//photos/211/2746.jpg,https://www.americanhome.pl//photos/211/2747.jpg,https://www.americanhome.pl//photos/211/2748.jpg,https://www.americanhome.pl//photos/211/2749.jpg,https://www.americanhome.pl//photos/211/2794.jpg,;https://www.americanhome.pl//photos/211/2727.jpg;https://www.americanhome.pl//photos/211/2727.jpg;"
Dom z ogrodem w centrum Milejewa (elbląski, Milejewo)

Zapraszam Państwa do zapoznania się z wyjątkową ofertą sprzedaży nieruchomości położonej w miejscowości MilejewoMilejewo jest to wieś w Polsce położona w województwie warmińsko-mazurskim, w powiecie elbląskim, w gminie Milejewo na Wysoczyźnie Elbląskiej przy drodze wojewódzkiej nr 504. Transport publiczny jest obsługiwany przez komunikację miejską Elbląga i PKS. Miejscowość jest siedzibą gminy Milejewo. Komfort codziennego życia w Milejewie zyskujemy dzięki licznym udogodnieniom, takimi jak : sklepy, poczta, szkoła, przedszkole, place zabaw, kościół, urząd gminy, Ochotnicza Straż Pożarna, boisko ""ORLIK"", gospodarstwo agroturystyczne ""Milejewko"", pizzeria, zajęcia JUDO, świetlica wiejska.Na terenie gminy znajduje się Jezioro Martwe z miejscem piknikowym zwanym Polaną Smoków. Jest to licznie odwiedzane miejsce weekendowych pikników mieszkańców Elbląga. Drugim, co do wielkości, akwenem wodnym na terenie gminy Milejewo jest Jezioro TROYL w Piastowie, przy którym prowadzone jest gospodarstwo agroturystyczne ""Pod Lasem"" ze szkółką jeździecką - miejsce licznych imprez jeździeckich i zorganizowanych form zimowego i letniego wypoczynku dzieci i młodzieży. Gmina ponadto posiada liczne szklaki turystyczne i wiele więcej!Zapraszam do obejrzenia i zakupu murowanego piętrowego domu w zabudowie bliźniaczej, który w 2002-2003 roku przeszedł modernizację i gruntowny remont.Dom użytkowany stale przez obecnego właściciela, systematycznie ogrzewany, gotowy do zamieszkania od razu. Idealny dla pary lub rodziny, która szuka miejsca do odpoczynku po codziennej pracy, a jednocześnie miejsca z bogatym zapleczem edukacyjnym i handlowo-usługowym.Parter tej nieruchomości składa się ze słonecznej kuchni łączonej z jadalnią, w której widok z okna wychodzi na ogród; znajduje się tu również wiatrołap, przestronny przedpokój, ustawna łazienka, a całość dopełnia ogromny salon oraz sypialnia. Na piętrze znajduje się garderoba, sypialnia oraz wejście na strych. Dom nie wymaga jakichkolwiek nakładów finansowych, natomiast stwarza wiele możliwości do własnej aranżacji.Nieruchomość, w skład której oprócz domu wchodzi blaszany garaż oraz altanka - w której letnią porą możemy delektować się poranną kawą, a w tle słyszeć śpiew ptaków i spędzać rodzinny czas grillując, usytuowana jest na zadbanej działce o powierzchni 823 m2. Teren działki ogrodzony płotem, a ogródek do którego bezpośrednio wychodzimy z domu częściowo został wyłożony kostką. Na posesji możemy zaparkować przynajmniej dwa samochody, ukształtowanie terenu jest płaskie. nieruchomość uzbrojona w media (woda i prąd). Lokalizacja stwarza duże możliwości rozbudowy, a bliski dostęp do sklepów oraz przedszkola czy też szkoły zwiększa komfort codziennego życia. Posesja położona blisko drogi głównej wojewódzkiej asfaltowej zapewniającej swobodny dojazd własnym samochodem oraz transportem publicznym do Elbląga. W okolicy znajduje się pełna infrastruktura handlowo-usługowa: szkoła, przedszkole, bank, przychodnia zdrowia, Urząd Gminy Milejewo, kościół, stacja benzynowa, przystanek autobusowy, sklepy spożywcze. Nieruchomość bardzo dobrze położona komunikacyjnie względem okolicznych miast. W ciągu 10 minut dojeżdża się do Elbląga, 16 minut zajmuje droga do Fromborka, zaś w około 25 minut można znaleźć się w Braniewie. Dobry dojazd do miast zapewnia wojewódzka droga asfaltowa. Nieruchomość położona jest w obszarze objętym obowiązującym Miejscowym Planem Zagospodarowania Przestrzennego (MPZP), oznaczonym symbolem MN - przeznaczenie podstawowe: tereny zabudowy mieszkaniowej jednorodzinnej.Największymi atutami nieruchomości jest lokalizacja, własny zadbany ogródek oraz bogate zaplecze handlowo-usługowe dające duży komfort zamieszkania, a z drugiej możliwość wypoczynku po długim dniu pracy w otoczeniu zieleni. Atuty domu:- blaszany garaż oraz altanka w cenie,- gotowy do zamieszkania od zaraz,- ogrodzona działka,- ogrzewanie etażowe,- dom piętrowy w zabudowie bliźniaczej,- kuchnia łączona z jadalnią, w której widok z okna wychodzi na ogród,- nie wymaga nakładów finansowych, ale stwarza możliwości własnej aranżacji,- salon + 2 sypialnie, garderoba, strych, wiatrołap, przedpokój,- niskie koszty eksploatacyjne, - piwnica,- działka częściowo wyłożona kostką,- miejsca parkingowe na działce,- media na działce (woda, prąd),- szambo,- meble i sprzęt w cenie,- własny ogród,- działka o powierzchni 823 m2,- dom o powierzchni użytkowej około 62 m2, - budynek przeszedł gruntowny remont z wymianą wszelkich instalacji w 2002-2003 roku,- słoneczna i duża kuchnia,- cicha lokalizacja,- zadbany grunt,- bezczynszowa nieruchomość,- płaska działka,- działka objęta MPZP: MN - przeznaczenie podstawowe: tereny zabudowy mieszkaniowej jednorodzinnej,- i wiele więcej.Główne atuty lokalizacji:- bliski dojazd do Elbląga (10 minut), 16 minut zajmuje droga do Fromborka, zaś w około 25 minut można znaleźć się w Braniewie,- Dobry dojazd do miast zapewnia wojewódzka droga asfaltowa nr 504, - zadbany ogród,- bliski dostęp do sklepów oraz przedszkola czy też szkoły zwiększający komfort codziennego życia,- cisza i spokój,- transport publiczny do Elbląga,- pełna infrastruktura handlowo-usługowa: szkoła, przedszkole, bank, przychodnia zdrowia, Urząd Gminy Milejewo, kościół, stacja benzynowa, przystanek autobusowy, sklepy spożywcze, Ochotnicza Straż Pożarna, boisko ""ORLIK"", gospodarstwo agroturystyczne ""Milejewko"", pizzeria, zajęcia JUDO, świetlica wiejska,- jeziora na terenie gminy,- wiele innych atrakcji oraz ciekawych miejsc turystycznych i rekreacyjnych!Dodatkowym atutem nieruchomości jest cisza i spokój, które wspierają relaks po codziennej pracy. Powierzchnia całego domu to około 62m2.Zarezerwuj swoją nieruchomość już teraz.    AMERICAN HOME FINANCE   Wstępną decyzje finansową otrzymasz bezpośrednio w naszym biurze.   American Home, Elbląg,   Związku Jaszczurczego 13Bhttp://americanhome.pl
                                    

""Właścicielem ogłoszenia wraz z jego elementami jest American Home Łukasz Szulc lub podmioty współpracujące. Wszelkie prawa zastrzeżone. Kopiowanie, rozpowszechnianie oraz korzystanie z niniejszych materiałów w jakikolwiek inny sposób wykraczający poza dozwolony użytek określony przepisami ustawy z 4 lutego 1994 r. o prawie autorskim i prawach pokrewnych (Dz. U. 1994, nr 24 poz. 83 z późn. zm.) bez pisemnej zgody American Home Łukasz Szulc lub podmiotów współpracujących jest zabronione i może stanowić podstawę odpowiedzialności cywilnej oraz karnej.Ponadto niniejsze materiały stanowią tajemnicę przedsiębiorstwa American Home Łukasz Szulc lub podmiotów współpracujących w rozumieniu ustawy z dnia 16 kwietnia 1993 r. o zwalczaniu nieuczciwej konkurencji (Dz. U. z 2003 r., Nr 153, poz. 1503 z późn. zm.). Niniejsze ogłoszenie nie stanowi oferty w rozumieniu Kodeksu Cywilnego, lecz ma charakter informacyjny.""
Informacje



 Internet
 Meble
 Poddasze
 Przyst. dla niepełnosprawnych



";wtórny;3;-1;-1;6 032 PLN / m2;-1;dobry;1930;-1;-1;-1;-1;-1;-1;-1;1748;-1;-1;1748;-1;-1;-1;-1;-1;501 635 879;biuro@americanhome.pl;American Home;-1;09/05/2022
dom;224000;Sprzedaż;-1;110 m2;-1;https://www.americanhome.pl/oferta/1710-1-1/milejewo-koscielna-dom-w-centrum-milejewa-do-remontu-z-dzialka;13;https://www.americanhome.pl//photos/213/2778.jpg,https://www.americanhome.pl//photos/213/2779.jpg,https://www.americanhome.pl//photos/213/2780.jpg,https://www.americanhome.pl//photos/213/2781.jpg,https://www.americanhome.pl//photos/213/2782.jpg,https://www.americanhome.pl//photos/213/2783.jpg,https://www.americanhome.pl//photos/213/2784.jpg,https://www.americanhome.pl//photos/213/2785.jpg,https://www.americanhome.pl//photos/213/2786.jpg,https://www.americanhome.pl//photos/213/2787.jpg,https://www.americanhome.pl//photos/213/2788.jpg,https://www.americanhome.pl//photos/213/2789.jpg,https://www.americanhome.pl//photos/213/2790.jpg,;https://www.americanhome.pl//photos/213/2778.jpg;https://www.americanhome.pl//photos/213/2778.jpg;"
Dom w centrum Milejewa do remontu z działką (elbląski, Milejewo, Kościelna)

Zapraszam Państwa do zapoznania się z domem wolnostojącym do kapitalnego remontu bądź rozbiórki w Milejewie.Milejewo jest to wieś w Polsce położona w województwie warmińsko-mazurskim, w powiecie elbląskim, w gminie Milejewo na Wysoczyźnie Elbląskiej przy drodze wojewódzkiej nr 504. Transport publiczny jest obsługiwany przez komunikację miejską Elbląga i PKS. Miejscowość jest siedzibą gminy Milejewo. Komfort codziennego życia w Milejewie zyskujemy dzięki licznym udogodnieniom, takimi jak : sklepy, poczta, szkoła, przedszkole, place zabaw, kościół, urząd gminy, Ochotnicza Straż Pożarna, boisko ""ORLIK"", gospodarstwo agroturystyczne ""Milejewko"", pizzeria, zajęcia JUDO, świetlica wiejska.Na terenie gminy znajduje się Jezioro Martwe z miejscem piknikowym zwanym Polaną Smoków. Jest to licznie odwiedzane miejsce weekendowych pikników mieszkańców Elbląga. Drugim, co do wielkości, akwenem wodnym na terenie gminy Milejewo jest Jezioro TROYL w Piastowie, przy którym prowadzone jest gospodarstwo agroturystyczne ""Pod Lasem"" ze szkółką jeździecką - miejsce licznych imprez jeździeckich i zorganizowanych form zimowego i letniego wypoczynku dzieci i młodzieży. Gmina ponadto posiada liczne szklaki turystyczne i wiele więcej!Zapraszam do obejrzenia i zakupu murowanego piętrowego domu wolnostojącego w centrum Milejewa z działką o powierzchni 896 m2Idealny dla pary lub rodziny, która szuka miejsca do odpoczynku po codziennej pracy, a jednocześnie miejsca z bogatym zapleczem edukacyjnym i handlowo-usługowym.Parter tej nieruchomości składa się z słonecznej kuchni łączonej z salonem; znajduje się tu również przestronny przedpokój oraz dwa pomieszczenia. Piętro do adaptacji. Dom wymaga remontu kapitalnego, natomiast stwarza wiele możliwości do własnej aranżacji.Nieruchomość, w skład której oprócz domu wchodzi pomieszczenie gospodarcze, usytuowana jest na  działce o powierzchni 994 m2. Ogródek posiada drzewa owocowe. Obok posesji ogólnodostępny parking, ukształtowanie terenu jest płaskie. Woda i prąd na działce. Lokalizacja stwarza duże możliwości rozbudowy, a bliski dostęp do sklepów oraz przedszkola czy też szkoły zwiększa komfort codziennego życia. Posesja położona blisko drogi głównej wojewódzkiej asfaltowej zapewniającej swobodny dojazd własnym samochodem oraz transportem publicznym do Elbląga. W okolicy znajduje się pełna infrastruktura handlowo-usługowa: szkoła, przedszkole, bank, przychodnia zdrowia, Urząd Gminy Milejewo, kościół, stacja benzynowa, przystanek autobusowy, sklepy spożywcze. Nieruchomość bardzo dobrze położona komunikacyjnie względem okolicznych miast. W ciągu 10 minut dojeżdża się do Elbląga, 16 minut zajmuje droga do Fromborka, zaś w około 25 minut można znaleźć się w Braniewie. Dobry dojazd do miast zapewnia wojewódzka droga asfaltowa. Nieruchomość położona jest w obszarze objętym obowiązującym Miejscowym Planem Zagospodarowania Przestrzennego (MPZP), oznaczonym symbolem MR - przeznaczenie terenu: Tereny zabudowy mieszkaniowej mieszanej miejscowości rolniczych, w tym zagrody, budynki jednorodzinne i usługi.Atuty domu:- dom piętrowy wolnostojący,- dostępny od zaraz,- działka o powierzchni 896 m2,- media na działce (prąd i woda),- do remontu kapitalnego,- niskie koszty eksploatacyjne, - miejsca parkingowe przy działce,- dom o powierzchni użytkowej około 80 m2, - dom o powierzchni zabudowy 110 m2,- bezczynszowa nieruchomość,- płaska działka,- działka objęta MPZP: MR - Tereny zabudowy mieszkaniowej mieszanej miejscowości rolniczych, w tym zagrody, budynki jednorodzinne i usługi,- i wiele więcej.Główne atuty lokalizacji:- centrum Milejewa - wszędzie blisko,- bliski dojazd do Elbląga (10 minut), 16 minut zajmuje droga do Fromborka, zaś w około 25 minut można znaleźć się w Braniewie,- Dobry dojazd do miast zapewnia wojewódzka droga asfaltowa nr 504, - zadbany ogród,- bliski dostęp do sklepów oraz przedszkola czy też szkoły zwiększający komfort codziennego życia,- cisza i spokój,- transport publiczny do Elbląga,- pełna infrastruktura handlowo-usługowa: szkoła, przedszkole, bank, przychodnia zdrowia, Urząd Gminy Milejewo, kościół, stacja benzynowa, przystanek autobusowy, sklepy spożywcze, Ochotnicza Straż Pożarna, boisko ""ORLIK"", gospodarstwo agroturystyczne ""Milejewko"", pizzeria, zajęcia JUDO, świetlica wiejska,- jeziora na terenie gminy,- wiele innych atrakcji oraz ciekawych miejsc turystycznych i rekreacyjnych!Zarezerwuj swoją nieruchomość już teraz.    AMERICAN HOME FINANCE   Wstępną decyzje finansową otrzymasz bezpośrednio w naszym biurze.   American Home, Elbląg,   Związku Jaszczurczego 13Bhttp://americanhome.pl
                                    

""Właścicielem ogłoszenia wraz z jego elementami jest American Home Łukasz Szulc lub podmioty współpracujące. Wszelkie prawa zastrzeżone. Kopiowanie, rozpowszechnianie oraz korzystanie z niniejszych materiałów w jakikolwiek inny sposób wykraczający poza dozwolony użytek określony przepisami ustawy z 4 lutego 1994 r. o prawie autorskim i prawach pokrewnych (Dz. U. 1994, nr 24 poz. 83 z późn. zm.) bez pisemnej zgody American Home Łukasz Szulc lub podmiotów współpracujących jest zabronione i może stanowić podstawę odpowiedzialności cywilnej oraz karnej.Ponadto niniejsze materiały stanowią tajemnicę przedsiębiorstwa American Home Łukasz Szulc lub podmiotów współpracujących w rozumieniu ustawy z dnia 16 kwietnia 1993 r. o zwalczaniu nieuczciwej konkurencji (Dz. U. z 2003 r., Nr 153, poz. 1503 z późn. zm.). Niniejsze ogłoszenie nie stanowi oferty w rozumieniu Kodeksu Cywilnego, lecz ma charakter informacyjny.""
Informacje



 Internet
 Meble
 Poddasze



";wtórny;3;-1;-1;2 036 PLN / m2;-1;słaby;1930;-1;-1;-1;-1;-1;-1;-1;1710;-1;-1;1710;-1;-1;-1;-1;-1;501 635 879;biuro@americanhome.pl;American Home;-1;09/05/2022
dom;318000;Sprzedaż;-1;144.46 m2;-1;https://www.americanhome.pl/oferta/1688-1-1/milejewo-mikolaja-kopernika-dom-w-milejewie-do-wlasnej-aranzacji-ul-kopernika;19;https://www.americanhome.pl//photos/172/2898.jpg,https://www.americanhome.pl//photos/172/2688.jpg,https://www.americanhome.pl//photos/172/2682.jpg,https://www.americanhome.pl//photos/172/2685.jpg,https://www.americanhome.pl//photos/172/2684.jpg,https://www.americanhome.pl//photos/172/2683.jpg,https://www.americanhome.pl//photos/172/2677.jpg,https://www.americanhome.pl//photos/172/2678.jpg,https://www.americanhome.pl//photos/172/2679.jpg,https://www.americanhome.pl//photos/172/2680.jpg,https://www.americanhome.pl//photos/172/2681.jpg,https://www.americanhome.pl//photos/172/2686.jpg,https://www.americanhome.pl//photos/172/2103.jpg,https://www.americanhome.pl//photos/172/2101.jpg,https://www.americanhome.pl//photos/172/2099.jpg,https://www.americanhome.pl//photos/172/2100.jpg,https://www.americanhome.pl//photos/172/2102.jpg,https://www.americanhome.pl//photos/172/2687.jpg,https://www.americanhome.pl//photos/172/2689.jpg,;https://www.americanhome.pl//photos/172/2898.jpg;https://www.americanhome.pl//photos/172/2898.jpg;"
Dom w Milejewie do własnej aranżacji ul. Kopernika (elbląski, Milejewo, Mikołaja Kopernika)

Sprzedam budynek mieszkalny jednorodzinny ""Domena 105A"" Sprzedam dom wolnostojący w stanie surowym otwartym w miejscowości Milejewo, 10 km od Elbląga. Klasyczna bryła DOMENY 105 A została stworzona z myślą o 4-5, a po zaadaptowaniu strychu nawet 6-7-osobowej rodzinie. Przedsionek z miejscem na szafę otwiera się na strefę dzienną, składającą się z przestronnego salonu połączonego z jadalnią oraz kuchnią ze spiżarnią. Z funkcjonalnego holu mamy dostęp do dwóch łazienek oraz czterech pokoi. Jednostanowiskowy garaż dostępny z holu, z garażu dostępna kotłownia z wyjściem na ogród. Duży strych nieużytkowy bez przeszkód można zaadaptować na cele użytkowe, na przykład jako dodatkowe pokoje.Zastosowane rozwiązanie konstrukcyjne prefabrykowane drewniane wiązary dachowe pozwala na swobodną aranżację pomieszczeń dzięki eliminacji wewnętrznych ścian nośnych. Projekt w standardzie posiada dodatkowo projekt ogrzewania kominkiem. Wizualizacja jest propozycją tego jak dany projekt domu oraz jego otoczenie można zaaranżować. Pomieszczenia :Wiatrołap  4,72 m2 Hol  9,50 m2 Salon z aneksem kuchennym  45,31 m2spiżarnia  1,51 m2 pokój  12,15 m2pokój  12,15 m2pokój  14,01 m2 garderoba 3,29 m2 łazienka 8,78 m2 pralnia 3,04 m2 łazienka 3,46 m2 suma powierzchni użytkowej parteru : 117,92 m2 kotłownia 7,05 m2 garaż 19,49 m2 suma powierzchni parteru : 144,46 m2Przy zakupie należy uwzględnić koszty notarialne oraz wynagrodzenie biura nieruchomości w wysokości 1,83 % brutto. Zarezerwuj swoją nieruchomość już teraz. AMERICAN HOME FINANCE Wstępną decyzje finansową otrzymasz bezpośrednio w naszym biurze. American Home, Elbląg, Związku Jaszczurczego 13B http://americanhome.pl
                                    

""Właścicielem ogłoszenia wraz z jego elementami jest American Home Łukasz Szulc lub podmioty współpracujące. Wszelkie prawa zastrzeżone. Kopiowanie, rozpowszechnianie oraz korzystanie z niniejszych materiałów w jakikolwiek inny sposób wykraczający poza dozwolony użytek określony przepisami ustawy z 4 lutego 1994 r. o prawie autorskim i prawach pokrewnych (Dz. U. 1994, nr 24 poz. 83 z późn. zm.) bez pisemnej zgody American Home Łukasz Szulc lub podmiotów współpracujących jest zabronione i może stanowić podstawę odpowiedzialności cywilnej oraz karnej.Ponadto niniejsze materiały stanowią tajemnicę przedsiębiorstwa American Home Łukasz Szulc lub podmiotów współpracujących w rozumieniu ustawy z dnia 16 kwietnia 1993 r. o zwalczaniu nieuczciwej konkurencji (Dz. U. z 2003 r., Nr 153, poz. 1503 z późn. zm.). Niniejsze ogłoszenie nie stanowi oferty w rozumieniu Kodeksu Cywilnego, lecz ma charakter informacyjny.""
Informacje



 Poddasze
 Kominek



";wtórny;4;-1;-1;2 201 PLN / m2;-1;dobry;2021;-1;-1;-1;-1;-1;-1;-1;1688;-1;-1;1688;-1;-1;-1;-1;-1;501 635 879;biuro@americanhome.pl;American Home;-1;09/05/2022
dzialka;90376;Sprzedaż;-1;-1;1 027 m2;https://www.americanhome.pl/oferta/1742-3-1/dzialki-sprzedaz-malbork;4;https://www.americanhome.pl//photos/207/2610.jpg,https://www.americanhome.pl//photos/207/2611.jpg,https://www.americanhome.pl//photos/207/2612.jpg,https://www.americanhome.pl//photos/207/2613.jpg,;https://www.americanhome.pl//photos/207/2610.jpg;https://www.americanhome.pl//photos/207/2610.jpg;"
Działka na sprzedaż (malborski, Malbork)

                                        Spójrzcie tylko na pogodę za oknami jest pięknie i słonecznie, a Ty sobie siedzisz i relaksujesz się, odpoczywając na własnym tarasie, leżąc na leżaku popijając Martini a dookoła zielona trawka i szczęśliwe dzieci. A Twój mąż ... właśnie szykuje grilla popijając zimne piwko,  bo już niedługo pojawią się wasi przyjaciele i znajomi ... zaczynamy. Tak może wyglądać każdy dzień, w Waszym nowym DOMU. Sprzedam działkę budowlaną o powierzchni 1027m2 w miejscowości Malbork przy ulicy Kasztanowej położona wśród innych działek. W tym miejscu powstaje nowe osiedle domków jednorodzinnych. Idealne miejsce pod zabudowę jednorodzinną. ZALETY LOKALIZACJI: 1. Działka środkowa2.nowe osiedle 3.bardzo ładne widoki 4.cisza i spokój 5.wspaniali sąsiedziZALETY DZIAŁKI 1.Prąd (skrzynka na działce) 2.Gaz na działce 3.Woda w drodze 4.Służebność drogi dojazdowej5.Działka budowlana Działka położona jest z dala o miejskiego tłoku , ale położona w bardzo ciekawym miejscu, gdzie panuje cisza i spokój. Dojazd do działki jest drogą gminna. Sprzedawana nieruchomość jest położona na wzniesieniu, skąd jest przepiękny widok na całą panoramę Malborka.  Zarezerwuj swoją nieruchomość już teraz.   Do ceny nieruchomości należy dodać wynagrodzenie biura nieruchomości w wysokości 1,53% brutto.AMERICAN HOME FINANCE   Wstępną decyzje finansową otrzymasz bezpośrednio w naszym biurze.   American Home, Elbląg,   Związku Jaszczurczego 13B  http://americanhome.pl
                                    

""Właścicielem ogłoszenia wraz z jego elementami jest American Home Łukasz Szulc lub podmioty współpracujące. Wszelkie prawa zastrzeżone. Kopiowanie, rozpowszechnianie oraz korzystanie z niniejszych materiałów w jakikolwiek inny sposób wykraczający poza dozwolony użytek określony przepisami ustawy z 4 lutego 1994 r. o prawie autorskim i prawach pokrewnych (Dz. U. 1994, nr 24 poz. 83 z późn. zm.) bez pisemnej zgody American Home Łukasz Szulc lub podmiotów współpracujących jest zabronione i może stanowić podstawę odpowiedzialności cywilnej oraz karnej.Ponadto niniejsze materiały stanowią tajemnicę przedsiębiorstwa American Home Łukasz Szulc lub podmiotów współpracujących w rozumieniu ustawy z dnia 16 kwietnia 1993 r. o zwalczaniu nieuczciwej konkurencji (Dz. U. z 2003 r., Nr 153, poz. 1503 z późn. zm.). Niniejsze ogłoszenie nie stanowi oferty w rozumieniu Kodeksu Cywilnego, lecz ma charakter informacyjny.""
";-1;-1;-1;-1;88 PLN / m2;-1;-1;-1;-1;-1;-1;-1;-1;-1;-1;1742;-1;-1;1742;-1;-1;-1;-1;-1;501 635 879;biuro@americanhome.pl;American Home;-1;09/05/2022
dzialka;111408;Sprzedaż;-1;-1;1 266 m2;https://www.americanhome.pl/oferta/1741-3-1/dzialki-sprzedaz-malbork;4;https://www.americanhome.pl//photos/208/2614.jpg,https://www.americanhome.pl//photos/208/2615.jpg,https://www.americanhome.pl//photos/208/2616.jpg,https://www.americanhome.pl//photos/208/2617.jpg,;https://www.americanhome.pl//photos/208/2614.jpg;https://www.americanhome.pl//photos/208/2614.jpg;"
Działka na sprzedaż (malborski, Malbork)

                                        Spójrzcie tylko na pogodę za oknami jest pięknie i słonecznie, a Ty sobie siedzisz i relaksujesz się, odpoczywając na własnym tarasie, leżąc na leżaku popijając Martini a dookoła zielona trawka i szczęśliwe dzieci. A Twój mąż ... właśnie szykuje grilla popijając zimne piwko,  bo już niedługo pojawią się wasi przyjaciele i znajomi ... zaczynamy. Tak może wyglądać każdy dzień, w Waszym nowym DOMU. Sprzedam działkę budowlaną o powierzchni 1266m2 w miejscowości Malbork przy ulicy Kasztanowej położona przy drodze utwardzanej w malowniczym miejscu. W tym miejscu powstaje nowe osiedle domków jednorodzinnych. Idealne miejsce pod zabudowę jednorodzinną. ZALETY LOKALIZACJI: 1. Działka narożna 2.nowe osiedle 3.bardzo ładne widoki 4.cisza i spokój 5.wspaniali sąsiedziZALETY DZIAŁKI 1.Prąd (skrzynka na działce) 2.Gaz na działce 3.Woda w drodze 4.Służebność drogi dojazdowej5.Działka budowlana Działka położona jest z dala o miejskiego tłoku , ale położona w bardzo ciekawym miejscu, gdzie panuje cisza i spokój. Dojazd do działki jest drogą gminna. Sprzedawana nieruchomość jest położona na wzniesieniu, skąd jest przepiękny widok na całą panoramę Malborka.  Zarezerwuj swoją nieruchomość już teraz.   Do ceny nieruchomości należy dodać wynagrodzenie biura nieruchomości w wysokości 1,53% brutto.AMERICAN HOME FINANCE   Wstępną decyzje finansową otrzymasz bezpośrednio w naszym biurze.   American Home, Elbląg,   Związku Jaszczurczego 13B  http://americanhome.pl
                                    

""Właścicielem ogłoszenia wraz z jego elementami jest American Home Łukasz Szulc lub podmioty współpracujące. Wszelkie prawa zastrzeżone. Kopiowanie, rozpowszechnianie oraz korzystanie z niniejszych materiałów w jakikolwiek inny sposób wykraczający poza dozwolony użytek określony przepisami ustawy z 4 lutego 1994 r. o prawie autorskim i prawach pokrewnych (Dz. U. 1994, nr 24 poz. 83 z późn. zm.) bez pisemnej zgody American Home Łukasz Szulc lub podmiotów współpracujących jest zabronione i może stanowić podstawę odpowiedzialności cywilnej oraz karnej.Ponadto niniejsze materiały stanowią tajemnicę przedsiębiorstwa American Home Łukasz Szulc lub podmiotów współpracujących w rozumieniu ustawy z dnia 16 kwietnia 1993 r. o zwalczaniu nieuczciwej konkurencji (Dz. U. z 2003 r., Nr 153, poz. 1503 z późn. zm.). Niniejsze ogłoszenie nie stanowi oferty w rozumieniu Kodeksu Cywilnego, lecz ma charakter informacyjny.""
";-1;-1;-1;-1;88 PLN / m2;-1;-1;-1;-1;-1;-1;-1;-1;-1;-1;1741;-1;-1;1741;-1;-1;-1;-1;-1;501 635 879;biuro@americanhome.pl;American Home;-1;09/05/2022
dzialka;210000;Sprzedaż;-1;-1;3 002 m2;https://www.americanhome.pl/oferta/1721-3-1/piastowo-dzialka-9-12-w-piastowie;10;https://www.americanhome.pl//photos/193/2664.jpg,https://www.americanhome.pl//photos/193/2665.jpg,https://www.americanhome.pl//photos/193/2666.jpg,https://www.americanhome.pl//photos/193/2667.jpg,https://www.americanhome.pl//photos/193/2668.jpg,https://www.americanhome.pl//photos/193/2364.jpg,https://www.americanhome.pl//photos/193/2365.jpg,https://www.americanhome.pl//photos/193/2366.jpg,https://www.americanhome.pl//photos/193/2367.jpg,https://www.americanhome.pl//photos/193/2368.jpg,;https://www.americanhome.pl//photos/193/2664.jpg;https://www.americanhome.pl//photos/193/2664.jpg;"
Działka 9/12 w Piastowie (elbląski, Milejewo, Piastowo)

                                        ***Oferta dostępna wyłącznie w American Home*** Spójrzcie tylko na pogodę za oknami jest pięknie i słonecznie, a Ty sobie siedzisz i relaksujesz się, odpoczywając na własnym tarasie, leżąc na leżaku popijając Martini a dookoła zielona trawka i szczęśliwe dzieci. A Twój mąż ... właśnie szykuje grilla popijając zimne piwko,  bo już niedługo pojawią się wasi przyjaciele i znajomi ... zaczynamy. Tak może wyglądać każdy dzień, w Waszym nowym DOMU. DZIAŁKA: - powierzchnia: 3002 m2 - miejscowość: Piastowo - kształt działki: regularny prostokąt - udział w drodze 9/10Sprzedam działkę budowlaną nr 9/12 o powierzchni 3001 m2 wraz z udziałem w drodze 9/10 w miejscowości Piastowo położona przy drodze utwardzanej w malowniczym miejscu. W tym miejscu powstało nowe osiedle domków jednorodzinnych. Idealne miejsce pod zabudowę jednorodzinną. ZALETY LOKALIZACJI: 1. Jezioro Troyl (400 metrów) 2.piękne lasy (500 metrów) 3.duża stadnina koni (400 metrów) 4.agroturystyka (400 metrów) 5.super widoki 6.cisza i spokój 7.wspaniali sąsiedziMiejscowość Piastowo położona na terenie gminy Milejewo w województwie warmińsko-mazurskim. Znajduje się 7 km od Elbląga przy drodze krajowej nr 504 Elbląg-Braniewo. Na terenie Piastowa znajduje się przepiękne jezioro do wędkowania, gospodarstwo agroturystyczne gdzie znajduje się stadnina koni. W wolnych chwilach można zapisać się na naukę jazdy konno. Na północnym krańcu Wysoczyzny Elbląskiej leży Tolkmicko, na południowym zachodzie Elbląg. Najciekawsze krajobrazowo fragmenty wysoczyzny obejmuje Park Krajobrazowy Wysoczyzny Elbląskiej. Dziękuję za spędzony czas, zapraszam na prezentację i do zobaczenia już wkrótce. Zarezerwuj swoją nieruchomość już teraz.  Przy zakupie należy uwzględnić koszty notarialne oraz wynagrodzenie biura nieruchomości w wysokości 1,53% brutto. AMERICAN HOME FINANCE Wstępną decyzje finansową otrzymasz bezpośrednio w naszym biurze.    American Home, Elbląg,    Związku Jaszczurczego 13B  http://americanhome.pl
                                    

""Właścicielem ogłoszenia wraz z jego elementami jest American Home Łukasz Szulc lub podmioty współpracujące. Wszelkie prawa zastrzeżone. Kopiowanie, rozpowszechnianie oraz korzystanie z niniejszych materiałów w jakikolwiek inny sposób wykraczający poza dozwolony użytek określony przepisami ustawy z 4 lutego 1994 r. o prawie autorskim i prawach pokrewnych (Dz. U. 1994, nr 24 poz. 83 z późn. zm.) bez pisemnej zgody American Home Łukasz Szulc lub podmiotów współpracujących jest zabronione i może stanowić podstawę odpowiedzialności cywilnej oraz karnej.Ponadto niniejsze materiały stanowią tajemnicę przedsiębiorstwa American Home Łukasz Szulc lub podmiotów współpracujących w rozumieniu ustawy z dnia 16 kwietnia 1993 r. o zwalczaniu nieuczciwej konkurencji (Dz. U. z 2003 r., Nr 153, poz. 1503 z późn. zm.). Niniejsze ogłoszenie nie stanowi oferty w rozumieniu Kodeksu Cywilnego, lecz ma charakter informacyjny.""
Informacje



 Wypis z planu zagosp.



";-1;-1;-1;-1;70 PLN / m2;-1;-1;-1;-1;-1;-1;-1;-1;-1;-1;1721;-1;-1;1721;-1;-1;-1;-1;-1;501 635 879;biuro@americanhome.pl;American Home;-1;09/05/2022
dzialka;210000;Sprzedaż;-1;-1;3 001 m2;https://www.americanhome.pl/oferta/1720-3-1/piastowo-dzialka-9-11-w-piastowie;10;https://www.americanhome.pl//photos/192/2659.jpg,https://www.americanhome.pl//photos/192/2660.jpg,https://www.americanhome.pl//photos/192/2661.jpg,https://www.americanhome.pl//photos/192/2662.jpg,https://www.americanhome.pl//photos/192/2663.jpg,https://www.americanhome.pl//photos/192/2358.jpg,https://www.americanhome.pl//photos/192/2359.jpg,https://www.americanhome.pl//photos/192/2360.jpg,https://www.americanhome.pl//photos/192/2361.jpg,https://www.americanhome.pl//photos/192/2362.jpg,;https://www.americanhome.pl//photos/192/2659.jpg;https://www.americanhome.pl//photos/192/2659.jpg;"
Działka 9/11 w Piastowie (elbląski, Milejewo, Piastowo)

                                        ***Oferta dostępna wyłącznie w American Home*** Spójrzcie tylko na pogodę za oknami jest pięknie i słonecznie, a Ty sobie siedzisz i relaksujesz się, odpoczywając na własnym tarasie, leżąc na leżaku popijając Martini a dookoła zielona trawka i szczęśliwe dzieci. A Twój mąż ... właśnie szykuje grilla popijając zimne piwko,  bo już niedługo pojawią się wasi przyjaciele i znajomi ... zaczynamy. Tak może wyglądać każdy dzień, w Waszym nowym DOMU. DZIAŁKA: - powierzchnia: 3001 m2 - miejscowość: Piastowo - kształt działki: regularny prostokąt - udział w drodze 9/10Sprzedam działkę budowlaną nr 9/11 o powierzchni 3001 m2 wraz z udziałem w drodze 9/10 w miejscowości Piastowo położona przy drodze utwardzanej w malowniczym miejscu. W tym miejscu powstało nowe osiedle domków jednorodzinnych. Idealne miejsce pod zabudowę jednorodzinną. ZALETY LOKALIZACJI: 1. Jezioro Troyl (400 metrów) 2.piękne lasy (500 metrów) 3.duża stadnina koni (400 metrów) 4.agroturystyka (400 metrów) 5.super widoki 6.cisza i spokój 7.wspaniali sąsiedziMiejscowość Piastowo położona na terenie gminy Milejewo w województwie warmińsko-mazurskim. Znajduje się 7 km od Elbląga przy drodze krajowej nr 504 Elbląg-Braniewo. Na terenie Piastowa znajduje się przepiękne jezioro do wędkowania, gospodarstwo agroturystyczne gdzie znajduje się stadnina koni. W wolnych chwilach można zapisać się na naukę jazdy konno. Na północnym krańcu Wysoczyzny Elbląskiej leży Tolkmicko, na południowym zachodzie Elbląg. Najciekawsze krajobrazowo fragmenty wysoczyzny obejmuje Park Krajobrazowy Wysoczyzny Elbląskiej. Dziękuję za spędzony czas, zapraszam na prezentację i do zobaczenia już wkrótce. Zarezerwuj swoją nieruchomość już teraz.  Przy zakupie należy uwzględnić koszty notarialne oraz wynagrodzenie biura nieruchomości w wysokości 1,53% brutto. AMERICAN HOME FINANCE Wstępną decyzje finansową otrzymasz bezpośrednio w naszym biurze.    American Home, Elbląg,    Związku Jaszczurczego 13B  http://americanhome.pl
                                    

""Właścicielem ogłoszenia wraz z jego elementami jest American Home Łukasz Szulc lub podmioty współpracujące. Wszelkie prawa zastrzeżone. Kopiowanie, rozpowszechnianie oraz korzystanie z niniejszych materiałów w jakikolwiek inny sposób wykraczający poza dozwolony użytek określony przepisami ustawy z 4 lutego 1994 r. o prawie autorskim i prawach pokrewnych (Dz. U. 1994, nr 24 poz. 83 z późn. zm.) bez pisemnej zgody American Home Łukasz Szulc lub podmiotów współpracujących jest zabronione i może stanowić podstawę odpowiedzialności cywilnej oraz karnej.Ponadto niniejsze materiały stanowią tajemnicę przedsiębiorstwa American Home Łukasz Szulc lub podmiotów współpracujących w rozumieniu ustawy z dnia 16 kwietnia 1993 r. o zwalczaniu nieuczciwej konkurencji (Dz. U. z 2003 r., Nr 153, poz. 1503 z późn. zm.). Niniejsze ogłoszenie nie stanowi oferty w rozumieniu Kodeksu Cywilnego, lecz ma charakter informacyjny.""
Informacje



 Wypis z planu zagosp.



";-1;-1;-1;-1;70 PLN / m2;-1;-1;-1;-1;-1;-1;-1;-1;-1;-1;1720;-1;-1;1720;-1;-1;-1;-1;-1;501 635 879;biuro@americanhome.pl;American Home;-1;09/05/2022
dzialka;210000;Sprzedaż;-1;-1;3 002 m2;https://www.americanhome.pl/oferta/1719-3-1/piastowo-dzialka-9-9-w-piastowie;10;https://www.americanhome.pl//photos/191/2654.jpg,https://www.americanhome.pl//photos/191/2655.jpg,https://www.americanhome.pl//photos/191/2656.jpg,https://www.americanhome.pl//photos/191/2657.jpg,https://www.americanhome.pl//photos/191/2658.jpg,https://www.americanhome.pl//photos/191/2352.jpg,https://www.americanhome.pl//photos/191/2353.jpg,https://www.americanhome.pl//photos/191/2354.jpg,https://www.americanhome.pl//photos/191/2355.jpg,https://www.americanhome.pl//photos/191/2356.jpg,;https://www.americanhome.pl//photos/191/2654.jpg;https://www.americanhome.pl//photos/191/2654.jpg;"
Działka 9/9 w Piastowie (elbląski, Milejewo, Piastowo)

                                        ***Oferta dostępna wyłącznie w American Home*** Spójrzcie tylko na pogodę za oknami jest pięknie i słonecznie, a Ty sobie siedzisz i relaksujesz się, odpoczywając na własnym tarasie, leżąc na leżaku popijając Martini a dookoła zielona trawka i szczęśliwe dzieci. A Twój mąż ... właśnie szykuje grilla popijając zimne piwko,  bo już niedługo pojawią się wasi przyjaciele i znajomi ... zaczynamy. Tak może wyglądać każdy dzień, w Waszym nowym DOMU. DZIAŁKA: - powierzchnia: 3002 m2 - miejscowość: Piastowo - kształt działki: regularny prostokąt - udział w drodze 9/10Sprzedam działkę budowlaną nr 9/9 o powierzchni 3002 m2 wraz z udziałem w drodze 9/10 w miejscowości Piastowo położona przy drodze utwardzanej w malowniczym miejscu. W tym miejscu powstało nowe osiedle domków jednorodzinnych. Idealne miejsce pod zabudowę jednorodzinną. ZALETY LOKALIZACJI: 1. Jezioro Troyl (400 metrów) 2.piękne lasy (500 metrów) 3.duża stadnina koni (400 metrów) 4.agroturystyka (400 metrów) 5.super widoki 6.cisza i spokój 7.wspaniali sąsiedziMiejscowość Piastowo położona na terenie gminy Milejewo w województwie warmińsko-mazurskim. Znajduje się 7 km od Elbląga przy drodze krajowej nr 504 Elbląg-Braniewo. Na terenie Piastowa znajduje się przepiękne jezioro do wędkowania, gospodarstwo agroturystyczne gdzie znajduje się stadnina koni. W wolnych chwilach można zapisać się na naukę jazdy konno. Na północnym krańcu Wysoczyzny Elbląskiej leży Tolkmicko, na południowym zachodzie Elbląg. Najciekawsze krajobrazowo fragmenty wysoczyzny obejmuje Park Krajobrazowy Wysoczyzny Elbląskiej. Dziękuję za spędzony czas, zapraszam na prezentację i do zobaczenia już wkrótce. Zarezerwuj swoją nieruchomość już teraz.  Przy zakupie należy uwzględnić koszty notarialne oraz wynagrodzenie biura nieruchomości w wysokości 1,53% brutto. AMERICAN HOME FINANCE Wstępną decyzje finansową otrzymasz bezpośrednio w naszym biurze.    American Home, Elbląg,    Związku Jaszczurczego 13B  http://americanhome.pl
                                    

""Właścicielem ogłoszenia wraz z jego elementami jest American Home Łukasz Szulc lub podmioty współpracujące. Wszelkie prawa zastrzeżone. Kopiowanie, rozpowszechnianie oraz korzystanie z niniejszych materiałów w jakikolwiek inny sposób wykraczający poza dozwolony użytek określony przepisami ustawy z 4 lutego 1994 r. o prawie autorskim i prawach pokrewnych (Dz. U. 1994, nr 24 poz. 83 z późn. zm.) bez pisemnej zgody American Home Łukasz Szulc lub podmiotów współpracujących jest zabronione i może stanowić podstawę odpowiedzialności cywilnej oraz karnej.Ponadto niniejsze materiały stanowią tajemnicę przedsiębiorstwa American Home Łukasz Szulc lub podmiotów współpracujących w rozumieniu ustawy z dnia 16 kwietnia 1993 r. o zwalczaniu nieuczciwej konkurencji (Dz. U. z 2003 r., Nr 153, poz. 1503 z późn. zm.). Niniejsze ogłoszenie nie stanowi oferty w rozumieniu Kodeksu Cywilnego, lecz ma charakter informacyjny.""
Informacje



 Wypis z planu zagosp.



";-1;-1;-1;-1;70 PLN / m2;-1;-1;-1;-1;-1;-1;-1;-1;-1;-1;1719;-1;-1;1719;-1;-1;-1;-1;-1;501 635 879;biuro@americanhome.pl;American Home;-1;09/05/2022
lokal;325620;Sprzedaż;-1;54.27 m2;-1;https://www.americanhome.pl/oferta/1752-5-1/lokale-sprzedaz-elblag-neonowa;10;https://www.americanhome.pl//photos/226/3042.jpg,https://www.americanhome.pl//photos/226/3043.jpg,https://www.americanhome.pl//photos/226/3044.jpg,https://www.americanhome.pl//photos/226/3045.jpg,https://www.americanhome.pl//photos/226/3046.jpg,https://www.americanhome.pl//photos/226/3047.jpg,https://www.americanhome.pl//photos/226/3048.jpg,https://www.americanhome.pl//photos/226/3049.jpg,https://www.americanhome.pl//photos/226/3050.jpg,https://www.americanhome.pl//photos/226/3051.jpg,;https://www.americanhome.pl//photos/226/3042.jpg;https://www.americanhome.pl//photos/226/3042.jpg;"
Lokal na sprzedaż (Elbląg, Neonowa)

                                        Sprzedam lokal użytkowy zainspirowany nowoczesnym stylem kamienic. Szczególną zaletą lokalu jest jej lokalizacja, idealne miejsce do prowadzenia prestiżowej działalności gospodarczej. Wysoki standard, najwyższa jakość wykonania sprawi, że każdy poczuje się tu wyjątkowo.  Przedmiotem sprzedaży jest lokal usługowy na parterze o powierzchni 54,27 m2. Jest to najnowsza propozycja dla klientów ceniących wygodę miejskiego życia. Budynek zachwyci Państwa swoim reprezentacyjnym holem wejściowym, przestronnymi częściami wspólnymi oraz cichobieżnymi windami. Budynek oraz części wspólne wykonane zostaną w wysokim standardzie wykończenia.  Neonowa PointNeonowa Point to najbardziej oczekiwanych inwestycji w centrum Elbląga. Neonowa Point, to połączenie luksusu mieszkaniowego i poprzez otaczające inwestycję tarasy oraz przyległy park, funkcji wypoczynkowej. Pięć kondygnacji w tym 48 lokali mieszkalnych i 1 lokal usługowy, 30 miejsc postojowych w hali garażowej i 24 komórek lokatorskich. Nasza inwestycja realizowana u zbiegu ulic Neonowe, Oboźnej i Związku Jaszczurczego. Neonowa Point to nowa jakość budownictwa w Elblągu. Budynek swoją architekturą i funkcją będą spełniały oczekiwania najbardziej wymagających klientów. Usytuowanie budynku spowoduje doskonałe naświetlenie mieszkań o każdej porze dnia.Zarezerwuj swoją nieruchomość już teraz. Przy zakupie należy uwzględnić koszty notarialne oraz wynagrodzenie biura nieruchomości w wysokości 1,23% brutto.Jeżeli posiadasz swoją nieruchomość na sprzedaż, pomożemy ją sfinalizować a wówczas szybciej będziesz miał środki na nową nieruchomość. Dodatkowo, przeprowadzimy Was przez cały proces finalizacji przez bank. Dzięki AMERICAN HOME FINANCE wstępną decyzje finansową otrzymasz bezpośrednio w naszym biurze.   AMERICAN HOME FINANCE Wstępną decyzje finansową otrzymasz bezpośrednio w naszym biurze. American Home, Elbląg, Związku Jaszczurczego 13B http://americanhome.pl
                                    

""Właścicielem ogłoszenia wraz z jego elementami jest American Home Łukasz Szulc lub podmioty współpracujące. Wszelkie prawa zastrzeżone. Kopiowanie, rozpowszechnianie oraz korzystanie z niniejszych materiałów w jakikolwiek inny sposób wykraczający poza dozwolony użytek określony przepisami ustawy z 4 lutego 1994 r. o prawie autorskim i prawach pokrewnych (Dz. U. 1994, nr 24 poz. 83 z późn. zm.) bez pisemnej zgody American Home Łukasz Szulc lub podmiotów współpracujących jest zabronione i może stanowić podstawę odpowiedzialności cywilnej oraz karnej.Ponadto niniejsze materiały stanowią tajemnicę przedsiębiorstwa American Home Łukasz Szulc lub podmiotów współpracujących w rozumieniu ustawy z dnia 16 kwietnia 1993 r. o zwalczaniu nieuczciwej konkurencji (Dz. U. z 2003 r., Nr 153, poz. 1503 z późn. zm.). Niniejsze ogłoszenie nie stanowi oferty w rozumieniu Kodeksu Cywilnego, lecz ma charakter informacyjny.""
Informacje



 Internet
 Winda
 Witryna
 Parking osob.
 Drzwi/okna antywłamaniowe
 Pom. biurowe
 Przyst. dla niepełnosprawnych



";pierwotny;-1;parter;-1;6 000 PLN / m2;-1;inny;2022;-1;-1;-1;-1;-1;-1;-1;1752;-1;-1;1752;4;-1;-1;-1;-1;501 635 879;biuro@americanhome.pl;American Home;-1;09/05/2022
lokal;298000;Sprzedaż;-1;210 m2;-1;https://www.americanhome.pl/oferta/1602-5-1/lokale-sprzedaz-orneta-dworcowa;5;https://www.americanhome.pl//photos/132/1537.jpg,https://www.americanhome.pl//photos/132/1538.jpg,https://www.americanhome.pl//photos/132/1539.jpg,https://www.americanhome.pl//photos/132/1540.jpg,https://www.americanhome.pl//photos/132/1541.jpg,;https://www.americanhome.pl//photos/132/1537.jpg;https://www.americanhome.pl//photos/132/1537.jpg;"
Lokal na sprzedaż (lidzbarski, Orneta, Dworcowa)

                                        Na sprzedaż budynek handlowo-usługowy w ORNECIE, woj. warmińsko-mazurskim w powiecie lidzbarskim.- nieruchomość inwestycyjnaChcesz prowadzić działalność gospodarczą? Ta oferta może być dla Ciebie!Do sprzedania budynek handlowo-usługowy w miejscowości Orneta.Budynek znajduje się w dobrej lokalizacji, położony w kompleksie budynków przemysłowych, firm wielobranżowych, sklepu Biedronka. Nieruchomość posiada wiele atutów.  Obiekt parterowy, murowany, niepodpiwniczony o pow. ok. 210m2, posadowiony na działce 0,0136 ha i 0,0132 ha . Budynek kiedyś funkcjonował jako piekarnia, a potem jako sklep z częściami zamiennymi, posiada zaplecze, wc z umywalką, pomieszczenie handlowe, magazyn do przechowywania towaru.Stan budynku i pomieszczeń dobry gotowy do rozpoczęcia działalności gospodarczej.Parking bezpośrednio z ulicy pod budynkiem, dla klientów lub dostawców.Zarezerwuj swoją nieruchomość już teraz.AMERICAN HOME FINANCE   Wstępną decyzje finansową otrzymasz bezpośrednio w naszym biurze.   American Home, Elbląg,   Związku Jaszczurczego 13B http://americanhome.pl
                                    

""Właścicielem ogłoszenia wraz z jego elementami jest American Home Łukasz Szulc lub podmioty współpracujące. Wszelkie prawa zastrzeżone. Kopiowanie, rozpowszechnianie oraz korzystanie z niniejszych materiałów w jakikolwiek inny sposób wykraczający poza dozwolony użytek określony przepisami ustawy z 4 lutego 1994 r. o prawie autorskim i prawach pokrewnych (Dz. U. 1994, nr 24 poz. 83 z późn. zm.) bez pisemnej zgody American Home Łukasz Szulc lub podmiotów współpracujących jest zabronione i może stanowić podstawę odpowiedzialności cywilnej oraz karnej.Ponadto niniejsze materiały stanowią tajemnicę przedsiębiorstwa American Home Łukasz Szulc lub podmiotów współpracujących w rozumieniu ustawy z dnia 16 kwietnia 1993 r. o zwalczaniu nieuczciwej konkurencji (Dz. U. z 2003 r., Nr 153, poz. 1503 z późn. zm.). Niniejsze ogłoszenie nie stanowi oferty w rozumieniu Kodeksu Cywilnego, lecz ma charakter informacyjny.""
Informacje



 Witryna



";wtórny;-1;-1;-1;1 419 PLN / m2;-1;dobry;1975;-1;-1;-1;-1;-1;-1;-1;1602;-1;-1;1602;-1;-1;-1;-1;-1;501 635 879;biuro@americanhome.pl;American Home;-1;09/05/2022
lokal;1500;Wynajem;-1;52 m2;-1;https://www.americanhome.pl/oferta/1525-5-2/lokale-wynajem-elblag-brzozowa;10;https://www.americanhome.pl//photos/98/1029.jpg,https://www.americanhome.pl//photos/98/1021.jpg,https://www.americanhome.pl//photos/98/1022.jpg,https://www.americanhome.pl//photos/98/1023.jpg,https://www.americanhome.pl//photos/98/1024.jpg,https://www.americanhome.pl//photos/98/1025.jpg,https://www.americanhome.pl//photos/98/1026.jpg,https://www.americanhome.pl//photos/98/1027.jpg,https://www.americanhome.pl//photos/98/1028.jpg,https://www.americanhome.pl//photos/98/1030.jpg,;https://www.americanhome.pl//photos/98/1029.jpg;https://www.americanhome.pl//photos/98/1029.jpg;"
Lokal na wynajem (Elbląg, Brzozowa)

                                        Wynajmę lokal użytkowy znajdujący się w Elblągu przy ulicy  Brzozowej na tz deptaku Gwiezdnej.Nieruchomość o powierzchni 52,00 m2 położona na piętrze. Prowadzą do niej schody zewnętrzne przy budynku. Lokal odpowiedni i przystosowany po byłym najmującym pod małą gastronomię.  Wchodząc do lokalu, mamy dużą i widną salę z dużą witryną dalej mamy część socjalną i dodatkowo pomieszczenie wc. Ogrzewanie z miasta i woda zimna z miasta. Opłata czynszowa to 1500,00 + prąd. Bez innych dodatkowych opłat.W bezpośrednim sąsiedztwie obiektu znajdują się  budynki mieszkalne, liczne sklepy, kosmetyczki, fryzjerzy, apteki. Parking miejski, płatny.Przy najmie należy uwzględnić wynagrodzenie biura nieruchomości w wysokości 500 złoty brutto.Zapraszamy też do naszego biura: American Home, Elbląg, Związku Jaszczurczego 13Bhttp://americanhome.pl
                                    

""Właścicielem ogłoszenia wraz z jego elementami jest American Home Łukasz Szulc lub podmioty współpracujące. Wszelkie prawa zastrzeżone. Kopiowanie, rozpowszechnianie oraz korzystanie z niniejszych materiałów w jakikolwiek inny sposób wykraczający poza dozwolony użytek określony przepisami ustawy z 4 lutego 1994 r. o prawie autorskim i prawach pokrewnych (Dz. U. 1994, nr 24 poz. 83 z późn. zm.) bez pisemnej zgody American Home Łukasz Szulc lub podmiotów współpracujących jest zabronione i może stanowić podstawę odpowiedzialności cywilnej oraz karnej.Ponadto niniejsze materiały stanowią tajemnicę przedsiębiorstwa American Home Łukasz Szulc lub podmiotów współpracujących w rozumieniu ustawy z dnia 16 kwietnia 1993 r. o zwalczaniu nieuczciwej konkurencji (Dz. U. z 2003 r., Nr 153, poz. 1503 z późn. zm.). Niniejsze ogłoszenie nie stanowi oferty w rozumieniu Kodeksu Cywilnego, lecz ma charakter informacyjny.""
Informacje



 Meble
 Witryna



";-1;-1;1;-1;29 PLN / m2;-1;dobry;-1;-1;-1;-1;-1;-1;-1;-1;1760;-1;-1;1760;1;-1;-1;-1;-1;501 635 879;biuro@americanhome.pl;American Home;-1;09/05/2022
lokal;2083125;Sprzedaż;-1;1 576 m2;-1;https://www.americanhome.pl/oferta/1514-5-1/marwica-atrakcyjny-palac-wraz-dzialka-do-sprzedazy;39;https://www.americanhome.pl//photos/87/836.jpg,https://www.americanhome.pl//photos/87/838.jpg,https://www.americanhome.pl//photos/87/837.jpg,https://www.americanhome.pl//photos/87/839.jpg,https://www.americanhome.pl//photos/87/840.jpg,https://www.americanhome.pl//photos/87/841.jpg,https://www.americanhome.pl//photos/87/842.jpg,https://www.americanhome.pl//photos/87/843.jpg,https://www.americanhome.pl//photos/87/844.jpg,https://www.americanhome.pl//photos/87/845.jpg,https://www.americanhome.pl//photos/87/846.jpg,https://www.americanhome.pl//photos/87/847.jpg,https://www.americanhome.pl//photos/87/848.jpg,https://www.americanhome.pl//photos/87/849.jpg,https://www.americanhome.pl//photos/87/850.jpg,https://www.americanhome.pl//photos/87/851.jpg,https://www.americanhome.pl//photos/87/852.jpg,https://www.americanhome.pl//photos/87/853.jpg,https://www.americanhome.pl//photos/87/854.jpg,https://www.americanhome.pl//photos/87/855.jpg,https://www.americanhome.pl//photos/87/856.jpg,https://www.americanhome.pl//photos/87/857.jpg,https://www.americanhome.pl//photos/87/858.jpg,https://www.americanhome.pl//photos/87/859.jpg,https://www.americanhome.pl//photos/87/860.jpg,https://www.americanhome.pl//photos/87/861.jpg,https://www.americanhome.pl//photos/87/862.jpg,https://www.americanhome.pl//photos/87/863.jpg,https://www.americanhome.pl//photos/87/864.jpg,https://www.americanhome.pl//photos/87/865.jpg,https://www.americanhome.pl//photos/87/866.jpg,https://www.americanhome.pl//photos/87/867.jpg,https://www.americanhome.pl//photos/87/868.jpg,https://www.americanhome.pl//photos/87/869.jpg,https://www.americanhome.pl//photos/87/870.jpg,https://www.americanhome.pl//photos/87/871.jpg,https://www.americanhome.pl//photos/87/872.jpg,https://www.americanhome.pl//photos/87/873.jpg,https://www.americanhome.pl//photos/87/874.jpg,;https://www.americanhome.pl//photos/87/836.jpg;https://www.americanhome.pl//photos/87/836.jpg;"
Atrakcyjny pałac wraz działką do sprzedaży. (elbląski, Rychliki, Marwica)

                                        Sprzedam budynek w drodze przetargu ustnego nieograniczonego atrakcyjną nieruchomość zabudowaną zabytkowym budynkiem wolnostojący mieszczący się w dwupiętrowym pałacu wybudowanym przez Waltera Kriega w XIX wieku. Przez miejscowość przepływa niewielka rzeka Marwicka Młynówka, nad którą niegdyś znajdował się młyn Ernsta Schön´a z niewielką siłownią wodną. W dworze Waltera Kriega (kiedyś Dom Dziecka ""Orle Gniazdo"" i kiedyś ""dom spokojnej starości"".Atuty nieruchomości:Powierzchnia całkowita 1,8557 haNieruchomość zabudowana budynkiem zabytkowym wpisana do rejestru zabytków (decyzja nr 155/90 z dnia 3.10.1990)Powierzchnia użytkowa budynku 1576 m2Liczba pięter 3Liczba łazienek 9Liczba pokoi 30Rok budowy przed 1945 rokMateriał budowlany, ściany nośne - konstrukcja murowana z cegły ceramicznej, ścinki działowe cegła ceramiczna pełna, a na poddaszu płyty kartonowo gipsoweStan ogólny dobry(widoczny na zdjęciach) Działka uzbrojona w energie elektryczną, wodę, oraz kanalizację sanitarną (do oczyszczalni ścieków zlokalizowanej na ww. działce).Idealny na dom starców.Lokalizacja:Marwica (niem. Marwitz) wieś sołecka położona w województwie warmińsko-mazurskim, w powiecie elbląskim, w gminie Rychliki. Wieś położona jest w północno-zachodniej części województwa warmińsko-mazurskiego, około 5 km na północ od Rychlik, przy drodze wojewódzkiej nr 527.Nieruchomość położona jest w obrębie ewidencyjnym Marwica, gm. Rychliki, oznaczona w ewidencji gruntów i budynków, jako działka nr 112/4.Zarezerwuj swoją nieruchomość już teraz.AMERICAN HOME FINANCE Wstępną decyzje finansową otrzymasz bezpośrednio w naszym biurze.   American Home, Elbląg,   Związku Jaszczurczego 13B http://americanhome.pl
                                    

""Właścicielem ogłoszenia wraz z jego elementami jest American Home Łukasz Szulc lub podmioty współpracujące. Wszelkie prawa zastrzeżone. Kopiowanie, rozpowszechnianie oraz korzystanie z niniejszych materiałów w jakikolwiek inny sposób wykraczający poza dozwolony użytek określony przepisami ustawy z 4 lutego 1994 r. o prawie autorskim i prawach pokrewnych (Dz. U. 1994, nr 24 poz. 83 z późn. zm.) bez pisemnej zgody American Home Łukasz Szulc lub podmiotów współpracujących jest zabronione i może stanowić podstawę odpowiedzialności cywilnej oraz karnej.Ponadto niniejsze materiały stanowią tajemnicę przedsiębiorstwa American Home Łukasz Szulc lub podmiotów współpracujących w rozumieniu ustawy z dnia 16 kwietnia 1993 r. o zwalczaniu nieuczciwej konkurencji (Dz. U. z 2003 r., Nr 153, poz. 1503 z późn. zm.). Niniejsze ogłoszenie nie stanowi oferty w rozumieniu Kodeksu Cywilnego, lecz ma charakter informacyjny.""
Informacje



 Internet
 Piwnica
 Na biuro
 Poddasze
 Osiedle zamknięte
 alarm



";wtórny;-1;-1;-1;1 322 PLN / m2;-1;dobry;1945;-1;-1;-1;-1;-1;-1;-1;1555;-1;-1;1555;-1;-1;-1;-1;-1;501 635 879;biuro@americanhome.pl;American Home;-1;09/05/2022
lokal;1500;Wynajem;-1;87 m2;-1;https://www.americanhome.pl/oferta/504-5-2/lokale-wynajem-elblag-zwiazku-jaszczurczego;10;https://www.americanhome.pl//photos/1/1.jpg,https://www.americanhome.pl//photos/1/2.jpg,https://www.americanhome.pl//photos/1/3.jpg,https://www.americanhome.pl//photos/1/4.jpg,https://www.americanhome.pl//photos/1/5.jpg,https://www.americanhome.pl//photos/1/6.jpg,https://www.americanhome.pl//photos/1/7.jpg,https://www.americanhome.pl//photos/1/8.jpg,https://www.americanhome.pl//photos/1/9.jpg,https://www.americanhome.pl//photos/1/10.jpg,;https://www.americanhome.pl//photos/1/1.jpg;https://www.americanhome.pl//photos/1/1.jpg;"
Lokal na wynajem (Elbląg, Związku Jaszczurczego)

                                        Budynek, w którym znajduje się budynek położony jest w śródmiejskiej części Elbląga. W bezpośrednim sąsiedztwie obiektu znajdują się również ulokowane budynki mieszkalne, szpital miejski, liczne sklepy, kosmetyczki, fryzjerzy.Dojazd do budynku jest dogodny i następuje od ulicy Grota Roweckiego.Wzdłuż ulicy Związku Jaszczurczego, znajdują się miejsca postojowe dla samochodów osobowych.Lokal o powierzchni 87 m2 w Śródmiejskiej części Elbląga. Lokal składa się z sali sprzedażowe, pomieszczenia socjalno-biurowego oraz WC.Przed lokalem jest parking przy ulicy Związku Jaszczurczego. Koszt wynajmu miesięcznego to 1.500,00 złotych plus VAT a także opłaty do wspólnoty mieszkaniowej tytułem czynszu 538,44 złotych plus prąd.Zarezerwuj nieruchomość już dziś.Zapraszamy też do naszego biura: American Home, Elbląg, Związku Jaszczurczego 13Bhttp://americanhome.pl
                                    

""Właścicielem ogłoszenia wraz z jego elementami jest American Home Łukasz Szulc lub podmioty współpracujące. Wszelkie prawa zastrzeżone. Kopiowanie, rozpowszechnianie oraz korzystanie z niniejszych materiałów w jakikolwiek inny sposób wykraczający poza dozwolony użytek określony przepisami ustawy z 4 lutego 1994 r. o prawie autorskim i prawach pokrewnych (Dz. U. 1994, nr 24 poz. 83 z późn. zm.) bez pisemnej zgody American Home Łukasz Szulc lub podmiotów współpracujących jest zabronione i może stanowić podstawę odpowiedzialności cywilnej oraz karnej.Ponadto niniejsze materiały stanowią tajemnicę przedsiębiorstwa American Home Łukasz Szulc lub podmiotów współpracujących w rozumieniu ustawy z dnia 16 kwietnia 1993 r. o zwalczaniu nieuczciwej konkurencji (Dz. U. z 2003 r., Nr 153, poz. 1503 z późn. zm.). Niniejsze ogłoszenie nie stanowi oferty w rozumieniu Kodeksu Cywilnego, lecz ma charakter informacyjny.""
Informacje



 Internet
 Witryna
 Parking osob.
 Pom. socjalne
 Drzwi/okna antywłamaniowe
 Pom. biurowe
 Przyst. dla niepełnosprawnych



";-1;-1;parter;-1;17 PLN / m2;-1;dobry;1999;-1;-1;-1;-1;-1;-1;-1;504;-1;-1;504;4;-1;-1;-1;-1;501 635 879;biuro@americanhome.pl;American Home;-1;09/05/2022
