Lokal handlowy/usugowy;350000.00;Sprzeda;-1;96,74;-1;https://www.futurenieruchomosci.pl/nieruchomosci/lokal-obiekt-komercyjny-na-sprzedaz/elblag/18;5;['https://static.esticrm.pl/public/images/offers/673/511283/34436265_max.jpg', 'https://static.esticrm.pl/public/images/offers/673/511283/34436217_max.jpg', 'https://static.esticrm.pl/public/images/offers/673/511283/34436205_max.jpg', 'https://static.esticrm.pl/public/images/offers/673/511283/34436196_max.jpg', 'https://static.esticrm.pl/public/images/offers/673/511283/5358811_max.jpg'];https://static.esticrm.pl/public/images/offers/673/511283/34436265_max.jpg;https://static.esticrm.pl/public/images/offers/673/511283/34436265_max.jpg;"LOKAL USUGOWY NA ELBLSKIEJ STARWCE!ULICA WIGILIJNACENA: 350 000 zPOWIERZCHNIA: 96,74 m2POZIOM: -1STAN DEWELOPERSKIDLA ZDECYDOWANEGO KLIENTA MOLIWO NEGOCJACJI CENY!!!!!!!!!!!MOLIWO POCZENIA Z LOKALEM O POWIERZCHNI 95,16 m2 NA POZIOME PARTERU W trakcie budowy zostay wykorzystane ponadstandardowe rozwizania tj. izolacja termiczna i akustyczna budynku (grubo styropianu 18 cm).W inwestycji zastosowana zostaa :Instalacja: telefoniczna, telewizyjna, elektryczna oraz 380V (pod kuchenk elektryczn)Indywidualne liczniki wody (ciepa, ,zimna)Indywidualne liczniki ciepaSchody wewntrzne -wylane w betoniePrestiowa lokalizacja.Serdecznie zapraszamy do kontaktu i na prezentacj.Przy zakupie nieruchomoci naley uwzgldni koszty notarialne oraz wynagrodzenie dla biura nieruchomoci 1,23%Oferujemy skuteczn pomoc w otrzymaniu kredytu.
ZAPRASZAMY NA PREZENTACJ!Przedstawiona oferta ma charakter informacyjny, nie stanowi oferty handlowej w rozumieniu art. 66 1 Kodeksu Cywilnego.Opis i zdjcia objte s ochron praw autorskich, osobistych i majtkowych stanowic wasno w wietle prawa autorskiego ustawa z 4 lutego 1994 r. o prawie autorskim i prawach pokrewnych (Dz. U. 1994, nr 24 poz. 83 z pn. zm.) ";pierwotny;1;0;Elblg Wigilijna;3617.95;-1;-1;-1;-1;-1;-1;-1;-1;-1;-1;-1;-1;-1;454349;4;-1;-1;-1;-1;552755528|502071014;dorota.kruk@futurenieruchomosci.pl;futurenieruchomosci;-1;2022-05-09 23:22:22.280287
Lokal handlowy/usugowy;666120.00;Sprzeda;-1;95,16;-1;https://www.futurenieruchomosci.pl/nieruchomosci/lokal-obiekt-komercyjny-na-sprzedaz/elblag/19;8;['https://static.esticrm.pl/public/images/offers/673/511291/34436052_max.jpg', 'https://static.esticrm.pl/public/images/offers/673/511291/34436058_max.jpg', 'https://static.esticrm.pl/public/images/offers/673/511291/34436067_max.jpg', 'https://static.esticrm.pl/public/images/offers/673/511291/34436070_max.jpg', 'https://static.esticrm.pl/public/images/offers/673/511291/34436061_max.jpg', 'https://static.esticrm.pl/public/images/offers/673/511291/34436076_max.jpg', 'https://static.esticrm.pl/public/images/offers/673/511291/34436040_max.jpg', 'https://static.esticrm.pl/public/images/offers/673/511291/5358820_max.jpg'];https://static.esticrm.pl/public/images/offers/673/511291/34436052_max.jpg;https://static.esticrm.pl/public/images/offers/673/511291/34436052_max.jpg;LOKAL USUGOWY NA ELBLSKIEJ STARWCEULICA WIGILIJNACENA: 666 120 zPOWIERZCHNIA: 95,16 m2POZIOM: 0STAN DEWELOPERSKIISTNIEJE MOLIWOC POCZENIA Z LOKALEM NA POZIOMIE -1Ju dzi zainwestuj w przyszo i zosta wacicielemlokalu w stanie deweloperskim w prestiowej lokalizacji.W trakcie budowy zostay wykorzystane ponadstandardowe rozwizania tj. izolacja termiczna i akustyczna budynku (grubo styropianu 18 cm).W inwestycji zastosowana zostaa:Stolarka okienna - aluminiowa w kolorze antracytu(szyby podwjne)Instalacja: telefoniczna, telewizyjna, elektryczna oraz 380V (pod kuchenk elektryczn)Indywidualne liczniki wody (ciepa,zimna)Indywidualne liczniki ciepaSchody wewntrzne -wylane w betonieLokal nadaje si zarwno pod dziaalno biurowa jak i gastronomiczn,Urzd si po swojemu lub zainwestuj z myl o wynajmie.Zapraszamy na prezentacj.Przy zakupie nieruchomoci naley uwzgldni koszty notarialne oraz wynagrodzenie dla biura nieruchomoci 1,23 %Oferujemy skuteczn pomoc w otrzymaniu kredytu.ZAPRASZAMY NA PREZENTACJ!Przedstawiona oferta ma charakter informacyjny, nie stanowi oferty handlowej w rozumieniu art. 66 1 Kodeksu Cywilnego.Opis i zdjcia objte s ochron praw autorskich, osobistych i majtkowych stanowic wasno przedsibiorstwa FUTURE w wietle prawa autorskiego ustawa z 4 lutego 1994 r. o prawie autorskim i prawach pokrewnych (Dz. U. 1994, nr 24 poz. 83 z pn. zm.) ;pierwotny;1;0;Elblg Wigilijna;7000.00;-1;-1;-1;-1;-1;-1;-1;-1;-1;-1;-1;-1;-1;838351;4;-1;-1;-1;-1;552755528|502071014;dorota.kruk@futurenieruchomosci.pl;futurenieruchomosci;-1;2022-05-09 23:22:22.547531
Lokal handlowy/usugowy;758540.00;Sprzeda;-1;189,32;-1;https://www.futurenieruchomosci.pl/nieruchomosci/lokal-obiekt-komercyjny-na-sprzedaz/elblag/20;6;['https://static.esticrm.pl/public/images/offers/673/511295/2951632_max.jpg', 'https://static.esticrm.pl/public/images/offers/673/511295/2951568_max.jpg', 'https://static.esticrm.pl/public/images/offers/673/511295/2951561_max.jpg', 'https://static.esticrm.pl/public/images/offers/673/511295/2951572_max.jpg', 'https://static.esticrm.pl/public/images/offers/673/511295/2951569_max.jpg', 'https://static.esticrm.pl/public/images/offers/673/511295/5358844_max.jpg'];https://static.esticrm.pl/public/images/offers/673/511295/2951632_max.jpg;https://static.esticrm.pl/public/images/offers/673/511295/2951632_max.jpg;LOKAL USUGOWY ZLOKALIZOWANY W SAMYM SERCU ELBLGA! ULICA WIGILIJNACENA: 758 540 zPOWIERZCHNIA: 189,32 m2POZIOM: 0/-1LOKAL DWUPOZIOMOWYW trakcie budowy zostay wykorzystane ponadstandardowe rozwizania tj. izolacja termiczna i akustyczna budynku (grubo styropianu 18 cm).W inwestycji zastosowana zostaa:Stolarka okienna - aluminiowa w kolorze antracytu(szyby podwjne)drzwi wewntrzne oraz ocienice - brakInstalacja: telefoniczna, telewizyjna, elektryczna oraz 380V (pod kuchenk elektryczn)Armatura sanitarna i kuchenna - brakIndywidualne liczniki wody (ciepa,zimna)Indywidualne liczniki ciepaSchody wewntrzne -wylane w betonieWejcie z przedproa i z tyu budynku.Oferujemy skuteczn pomoc w otrzymaniu kredytu.ZAPRASZAMY NA PREZENTACJ!Przedstawiona oferta ma charakter informacyjny, nie stanowi oferty handlowej w rozumieniu art. 66 1 Kodeksu Cywilnego.Opis i zdjcia objte s ochron praw autorskich, osobistych i majtkowych stanowic wasno przedsibiorstwa FUTURE w wietle prawa autorskiego ustawa z 4 lutego 1994 r. o prawie autorskim i prawach pokrewnych (Dz. U. 1994, nr 24 poz. 83 z pn. zm.) ;pierwotny;-1;0;Elblg Wigilijna;4006.66;-1;-1;-1;-1;-1;-1;-1;-1;-1;-1;-1;-1;-1;278990;4;-1;-1;-1;-1;552755528|502071014;dorota.kruk@futurenieruchomosci.pl;futurenieruchomosci;-1;2022-05-09 23:22:22.814034
Lokal handlowy/usugowy;767560.00;Sprzeda;-1;184,29;-1;https://www.futurenieruchomosci.pl/nieruchomosci/lokal-obiekt-komercyjny-na-sprzedaz/elblag/21;5;['https://static.esticrm.pl/public/images/offers/673/511310/2951708_max.jpg', 'https://static.esticrm.pl/public/images/offers/673/511310/2951701_max.jpg', 'https://static.esticrm.pl/public/images/offers/673/511310/2951714_max.jpg', 'https://static.esticrm.pl/public/images/offers/673/511310/2951725_max.jpg', 'https://static.esticrm.pl/public/images/offers/673/511310/5358847_max.jpg'];https://static.esticrm.pl/public/images/offers/673/511310/2951708_max.jpg;https://static.esticrm.pl/public/images/offers/673/511310/2951708_max.jpg;LOKAL USUGOWY ZLOKALIZOWANY W SAMYM SERCU ELBLGA! ULICA WIGILIJNACENA: 767 560 zPOWIERZCHNIA: 184,29 m2POZIOM: 0/-1LOKAL DWUPOZIOMOWY W trakcie budowy zostay wykorzystane ponadstandardowe rozwizania tj. izolacja termiczna i akustyczna budynku (grubo styropianu 18 cm).W inwestycji zastosowana zostaa:stolarka okienna - aluminiowa w kolorze antracytu(szyby podwjne)drzwi wewntrzne oraz ocienice - brakInstalacja: telefoniczna, telewizyjna, elektryczna oraz 380V (pod kuchenk elektryczn)Armatura sanitarna i kuchenna - brakIndywidualne liczniki wody (ciepa,zimna)Indywidualne liczniki ciepaSchody wewntrzne -wylane w betonieWejcie z przedproa i z tyu budynku.Oferujemy skuteczn pomoc w otrzymaniu kredytu.ZAPRASZAMY NA PREZENTACJ!Przedstawiona oferta ma charakter informacyjny, nie stanowi oferty handlowej w rozumieniu art. 66 1 Kodeksu Cywilnego.Opis i zdjcia objte s ochron praw autorskich, osobistych i majtkowych stanowic wasno przedsibiorstwa FUTURE w wietle prawa autorskiegoustawa z 4 lutego 1994 r. o prawie autorskim i prawach pokrewnych (Dz. U. 1994, nr 24 poz. 83 z pn. zm.) ;pierwotny;-1;0;Elblg Wigilijna;4164.96;-1;-1;-1;-1;-1;-1;-1;-1;-1;-1;-1;-1;-1;246632;4;-1;-1;-1;-1;552755528|502071014;dorota.kruk@futurenieruchomosci.pl;futurenieruchomosci;-1;2022-05-09 23:22:23.348520
Dom (Wolnostojcy);479000.00;Sprzeda;-1;208,28;203511;https://www.futurenieruchomosci.pl/nieruchomosci/dom-na-sprzedaz/gronowo/190;18;['https://static.esticrm.pl/public/images/offers/673/2411050/15404971_max.jpg', 'https://static.esticrm.pl/public/images/offers/673/2411050/15405010_max.jpg', 'https://static.esticrm.pl/public/images/offers/673/2411050/15405007_max.jpg', 'https://static.esticrm.pl/public/images/offers/673/2411050/15405016_max.jpg', 'https://static.esticrm.pl/public/images/offers/673/2411050/15404791_max.jpg', 'https://static.esticrm.pl/public/images/offers/673/2411050/15404815_max.jpg', 'https://static.esticrm.pl/public/images/offers/673/2411050/15404827_max.jpg', 'https://static.esticrm.pl/public/images/offers/673/2411050/15404830_max.jpg', 'https://static.esticrm.pl/public/images/offers/673/2411050/15404833_max.jpg', 'https://static.esticrm.pl/public/images/offers/673/2411050/15404899_max.jpg', 'https://static.esticrm.pl/public/images/offers/673/2411050/15404902_max.jpg', 'https://static.esticrm.pl/public/images/offers/673/2411050/15404860_max.jpg', 'https://static.esticrm.pl/public/images/offers/673/2411050/15404863_max.jpg', 'https://static.esticrm.pl/public/images/offers/673/2411050/15404893_max.jpg', 'https://static.esticrm.pl/public/images/offers/673/2411050/15404896_max.jpg', 'https://static.esticrm.pl/public/images/offers/673/2411050/15404911_max.jpg', 'https://static.esticrm.pl/public/images/offers/673/2411050/15405019_max.jpg', 'https://static.esticrm.pl/public/images/offers/673/2411050/18489610_max.jpg'];https://static.esticrm.pl/public/images/offers/673/2411050/15404971_max.jpg;https://static.esticrm.pl/public/images/offers/673/2411050/15404971_max.jpg;"DOM WOLNO STOJCY BLISKO BRANIEWA Z DU DZIAK POWIERZCHNIA CAKOWITA 208,28m2POWIERZCHNIA UYTKOWA 172,42 m2CENA 479.000z - DO NEGOCJACJIPOWIERZCHNIA DZIAKI 20 3511m2OGRZEWANIE I CIEPA WODA NA POMP CIEPADOM DO WASNEJ ARANACJI Jeeli szukasz domu pooonego w cichym i spokojnym miejscu, blisko Braniewa to ta nieruchomo jest idealna dla Ciebie!
Wewntrz parter stan surowy Poddasze ocieplone i oboone pytami karton-gips.Zrobiona: instalacja C.O. (podogowa), pompa ciepa, instalacja wodna, instalacja elektryczna.Dach : dachwka ceramiczna w kolorze ceglastym.Elewacja: Styropian 15cm, tynk strukturalny, mozaika ywiczna 3mmokna: stolarka aluminiowa, aluminium ciepe, szyby 3szt.; kolor okien zewntrznych maho, wewntrznych biay.Brama garaowa segmentowa w kolorze maho.Rozkad:Piwnica- 31.15m2:

Pomieszczenie gospodarcze - 14,26m2
pomieszczenie gospodarcze z wzem C.O. - 11,17m2 ( pompa ciepa)
przedsionek - 5,72m2

Parter - 90,27m2:

wiatroap - 5,10m2
spiarnia - 2,09m2
kuchnia - 8,14m2
salon - 24,38m2
azienka - 5,42m2
pomieszczenie gospodarcze - 6,56m2
hol - 5,28m2
schody - 3,17m2
pokj - 8,62m2
gara - 21,02m2

Poddasze - 51m2 (68,16m2)

hol - 6,24m2
pokj - 10,47m2 (14,19m2)
pokj - 13,27m2 (16,74m2)
pokj - 14,01m2 (18,95m2)
azienka - 2,73m2 (4,62m2)
azienka 4,26m2 (7,42m2)

Elementy zewntrzne - 33,01m2:

taras - 20,62m2
balkon - 3,87m2
podest schodw - 8,47m2


Szukasz NOWEJ nieruchomoci, a jeszcze nie sprzedae starej? Moemy Ci w tym szybko i sprawnie pomc! Zapytaj doradc albo wejd na stron: Future NieruchomociPrzy zakupie nieruchomoci naley uwzgldni koszty notarialne oraz wynagrodzenie dla biura nieruchomoci w wysokoci 1% bruttoOferujemy skuteczn pomoc w otrzymaniu kredytu.ZAPRASZAMY NA PREZENTACJ!Przedstawiona oferta ma charakter informacyjny, nie stanowi oferty handlowej w rozumieniu art. 66 1 Kodeksu Cywilnego.Opis i zdjcia objte s ochron praw autorskich, osobistych i majtkowych stanowic wasno w wietle prawa autorskiego ustawa z 4 lutego 1994 r. o prawie autorskim i prawach pokrewnych (Dz. U. 1994, nr 24 poz. 83 z pn. zm.)";pierwotny;5;1;Gronowo;2299.79;-1;-1;2018;True;-1;-1;-1;True;-1;-1;-1;-1;-1;944924;-1;-1;-1;-1;-1;552755528|502071014;dorota.kruk@futurenieruchomosci.pl;futurenieruchomosci;-1;2022-05-09 23:22:23.726865
Mieszkanie;185000.00;Sprzeda;-1;61,24;-1;https://www.futurenieruchomosci.pl/nieruchomosci/mieszkanie-na-sprzedaz/dworki/350;14;['https://static.esticrm.pl/public/images/offers/673/5909715/42132384_max.jpg', 'https://static.esticrm.pl/public/images/offers/673/5909715/42132387_max.jpg', 'https://static.esticrm.pl/public/images/offers/673/5909715/42132393_max.jpg', 'https://static.esticrm.pl/public/images/offers/673/5909715/42132390_max.jpg', 'https://static.esticrm.pl/public/images/offers/673/5909715/42125910_max.jpg', 'https://static.esticrm.pl/public/images/offers/673/5909715/42125916_max.jpg', 'https://static.esticrm.pl/public/images/offers/673/5909715/42125922_max.jpg', 'https://static.esticrm.pl/public/images/offers/673/5909715/42125934_max.jpg', 'https://static.esticrm.pl/public/images/offers/673/5909715/42126003_max.jpg', 'https://static.esticrm.pl/public/images/offers/673/5909715/42125895_max.jpg', 'https://static.esticrm.pl/public/images/offers/673/5909715/42125997_max.jpg', 'https://static.esticrm.pl/public/images/offers/673/5909715/42126009_max.jpg', 'https://static.esticrm.pl/public/images/offers/673/5909715/42126006_max.jpg', 'https://static.esticrm.pl/public/images/offers/673/5909715/42573438_max.jpg'];https://static.esticrm.pl/public/images/offers/673/5909715/42132384_max.jpg;https://static.esticrm.pl/public/images/offers/673/5909715/42132384_max.jpg;MIESZKANIE W SPOKOJNEJ OKOLICY GMINA GRONOWO ELBLSKIECENA: 185.000 z MOLIWO NEGOCJACJI CENYPOWIERZCHNIA MIESZKANIA 61,24m2DWIE DZIAKI O CZNEJ POWIERZCHNI 758 m2Mieszkanie przeszo generalny remont .W cenie mieszkania pozostaje zabudowa kuchni i szafa na przedpokoju oraz sprzty AGD( lodwka, pyta gazowa, pralka)Do mieszkania przynaley piwnica i komrka na opaBudynek zamieszkuj tylko trzy rodziny. W mieszkaniu zostaa wymieniona stolarka okienna i drzwiowa.Wymieniono instalacje elektryczn, hydrauliczn.W kuchni i azience glazura, terakota.W pokojach na podogach panele, na cianach gadzie.W mieszkaniu rozprowadzone nowe grzejniki.Piec na wgiel i drzewo.Do mieszkania przynale dwie dziaki o cznej powierzchni 758 m mona tam postawi gara i zagospodarowa teren na ogrd pod rekreacj.Koszty miesiczne na 4 osoby: 94z wywz mieci, 50z woda,30z na 3miesice oprnienie szamba .Podatek od nieruchomoci i gruntw 320z opata roczna.Mieszkanie daje alternatyw dla domku jednorodzinnego poza miastemPrzy zakupie nieruchomoci naley uwzgldni koszty notarialne oraz wynagrodzenie dla biura nieruchomoci 1.23 %Oferujemy skuteczn pomoc w otrzymaniu kredytu.ZAPRASZAMY NA PREZENTACJ!Przedstawiona oferta ma charakter informacyjny, nie stanowi oferty handlowej w rozumieniu art. 66 1 Kodeksu Cywilnego.Opis i zdjcia objte s ochron praw autorskich, osobistych i majtkowych stanowic wasno przedsibiorstwa FUTURE w wietle prawa autorskiego ustawa z 4 lutego 1994 r. o prawie autorskim i prawach pokrewnych (Dz. U. 1994, nr 24 poz. 83 z pn.zm.);wtrny;3;0;Dworki;3020.90;-1;-1;-1;-1;-1;-1;-1;True;-1;-1;-1;-1;-1;855444;1;-1;-1;-1;-1;552755528|502071014;dorota.kruk@futurenieruchomosci.pl;futurenieruchomosci;-1;2022-05-09 23:22:25.068086
Dom (Bliniak);685000.00;Sprzeda;-1;80;346;https://www.futurenieruchomosci.pl/nieruchomosci/dom-na-sprzedaz/elblag/349;27;['https://static.esticrm.pl/public/images/offers/673/5902941/42058887_max.jpg', 'https://static.esticrm.pl/public/images/offers/673/5902941/42058884_max.jpg', 'https://static.esticrm.pl/public/images/offers/673/5902941/42058881_max.jpg', 'https://static.esticrm.pl/public/images/offers/673/5902941/42058875_max.jpg', 'https://static.esticrm.pl/public/images/offers/673/5902941/42058890_max.jpg', 'https://static.esticrm.pl/public/images/offers/673/5902941/42058863_max.jpg', 'https://static.esticrm.pl/public/images/offers/673/5902941/42058878_max.jpg', 'https://static.esticrm.pl/public/images/offers/673/5902941/42058854_max.jpg', 'https://static.esticrm.pl/public/images/offers/673/5902941/42058860_max.jpg', 'https://static.esticrm.pl/public/images/offers/673/5902941/42058893_max.jpg', 'https://static.esticrm.pl/public/images/offers/673/5902941/42058896_max.jpg', 'https://static.esticrm.pl/public/images/offers/673/5902941/42058899_max.jpg', 'https://static.esticrm.pl/public/images/offers/673/5902941/42058902_max.jpg', 'https://static.esticrm.pl/public/images/offers/673/5902941/42058905_max.jpg', 'https://static.esticrm.pl/public/images/offers/673/5902941/42058908_max.jpg', 'https://static.esticrm.pl/public/images/offers/673/5902941/42058914_max.jpg', 'https://static.esticrm.pl/public/images/offers/673/5902941/42058917_max.jpg', 'https://static.esticrm.pl/public/images/offers/673/5902941/42058923_max.jpg', 'https://static.esticrm.pl/public/images/offers/673/5902941/42058926_max.jpg', 'https://static.esticrm.pl/public/images/offers/673/5902941/42058929_max.jpg', 'https://static.esticrm.pl/public/images/offers/673/5902941/42058932_max.jpg', 'https://static.esticrm.pl/public/images/offers/673/5902941/42058935_max.jpg', 'https://static.esticrm.pl/public/images/offers/673/5902941/42058938_max.jpg', 'https://static.esticrm.pl/public/images/offers/673/5902941/42058950_max.jpg', 'https://static.esticrm.pl/public/images/offers/673/5902941/42058965_max.jpg', 'https://static.esticrm.pl/public/images/offers/673/5902941/42058974_max.jpg', 'https://static.esticrm.pl/public/images/offers/673/5902941/42573459_max.jpg'];https://static.esticrm.pl/public/images/offers/673/5902941/42058887_max.jpg;https://static.esticrm.pl/public/images/offers/673/5902941/42058887_max.jpg;DOM PO KAPITALNYM REMONCIECENA: 685 000 zMOLIWO NEGOCJACJI CENYPOWIERZCHNIA CAKOWITA DOMU: 80 m2POWIERZCHNIA UYTKOWA DOMU: 66 m2POWIERZCHNIA DZIAKI: 346 m2Kameralny dom pooony w dobrze skomunikowanej czci miasta.Podczas remontu zostay wymienione instalacja elektryczna, hydrauliczna.Dom utrzymany w jasnej kolorystyce z akcentami drewnianymi.Na parterze domu mieci si salon z jadalni oraz wyjciem na podwrko, kuchnia, przedpokj.Na pitrze domu znajduj si azienka z prysznicem oraz sypialnia i garderoba mogca rwnie peni funkcje dodatkowego pokoju. Dom docieplony 17 cm styropianem.Okna nowe 3 komorowe, 2 szybowe dziki czemu zapewniaj dodatkowy komfort cieplny oraz wyguszenie.Ogrzewanie z piecyka dwufunkcyjnego gazowego.W cenie pozostaje cakowite umeblowanie i wyposaenie w sprzty RTV i AGD widoczne na zdjciu.Miejsce parkingowe wyoone kostk brukow.Wjazd na posesje bram otwieran na pilota.W pobliu sklepy, komunikacja miejska, szkoa, punkty handlowo-usugowe. Przy zakupie nieruchomoci naley uwzgldni koszty notarialne i wynagrodzenie dla biura nieruchomoci 1,23 % brutto.Oferujemy skuteczn pomoc w otrzymaniu kredytu.ZAPRASZAMY NA PREZENTACJ!Przedstawiona oferta ma charakter informacyjny, nie stanowi oferty handlowej w rozumieniu art. 66 1 Kodeksu Cywilnego.Opis i zdjcia objte s ochron praw autorskich, osobistych i majtkowych stanowic wasno przedsibiorstwa FUTURE w wietle prawa autorskiego ustawa z 4 lutego 1994 r. o prawie autorskim i prawach pokrewnych (Dz. U. 1994, nr 24 poz. 83 z pn. zm.);wtrny;3;2;Elblg;8562.50;-1;-1;-1;-1;-1;-1;-1;-1;True;-1;-1;-1;-1;100736;-1;-1;-1;-1;-1;552755528|502071014;dorota.kruk@futurenieruchomosci.pl;futurenieruchomosci;-1;2022-05-09 23:22:25.407397
Dom (Szeregowy);950000.00;Sprzeda;-1;305,50;491;https://www.futurenieruchomosci.pl/nieruchomosci/dom-na-sprzedaz/elblag/348;33;['https://static.esticrm.pl/public/images/offers/673/5901048/42042408_max.jpg', 'https://static.esticrm.pl/public/images/offers/673/5901048/42042435_max.jpg', 'https://static.esticrm.pl/public/images/offers/673/5901048/42042468_max.jpg', 'https://static.esticrm.pl/public/images/offers/673/5901048/42042474_max.jpg', 'https://static.esticrm.pl/public/images/offers/673/5901048/42042477_max.jpg', 'https://static.esticrm.pl/public/images/offers/673/5901048/42042534_max.jpg', 'https://static.esticrm.pl/public/images/offers/673/5901048/42042537_max.jpg', 'https://static.esticrm.pl/public/images/offers/673/5901048/42042543_max.jpg', 'https://static.esticrm.pl/public/images/offers/673/5901048/42042564_max.jpg', 'https://static.esticrm.pl/public/images/offers/673/5901048/42042615_max.jpg', 'https://static.esticrm.pl/public/images/offers/673/5901048/42042624_max.jpg', 'https://static.esticrm.pl/public/images/offers/673/5901048/42042633_max.jpg', 'https://static.esticrm.pl/public/images/offers/673/5901048/42042642_max.jpg', 'https://static.esticrm.pl/public/images/offers/673/5901048/42042675_max.jpg', 'https://static.esticrm.pl/public/images/offers/673/5901048/42042678_max.jpg', 'https://static.esticrm.pl/public/images/offers/673/5901048/42042681_max.jpg', 'https://static.esticrm.pl/public/images/offers/673/5901048/42042687_max.jpg', 'https://static.esticrm.pl/public/images/offers/673/5901048/42042693_max.jpg', 'https://static.esticrm.pl/public/images/offers/673/5901048/42042699_max.jpg', 'https://static.esticrm.pl/public/images/offers/673/5901048/42042723_max.jpg', 'https://static.esticrm.pl/public/images/offers/673/5901048/42042741_max.jpg', 'https://static.esticrm.pl/public/images/offers/673/5901048/42042777_max.jpg', 'https://static.esticrm.pl/public/images/offers/673/5901048/42042795_max.jpg', 'https://static.esticrm.pl/public/images/offers/673/5901048/42042798_max.jpg', 'https://static.esticrm.pl/public/images/offers/673/5901048/42042855_max.jpg', 'https://static.esticrm.pl/public/images/offers/673/5901048/42042852_max.jpg', 'https://static.esticrm.pl/public/images/offers/673/5901048/42042858_max.jpg', 'https://static.esticrm.pl/public/images/offers/673/5901048/42042843_max.jpg', 'https://static.esticrm.pl/public/images/offers/673/5901048/42042504_max.jpg', 'https://static.esticrm.pl/public/images/offers/673/5901048/42042801_max.jpg', 'https://static.esticrm.pl/public/images/offers/673/5901048/42042828_max.jpg', 'https://static.esticrm.pl/public/images/offers/673/5901048/42042666_max.jpg', 'https://static.esticrm.pl/public/images/offers/673/5901048/42042840_max.jpg'];https://static.esticrm.pl/public/images/offers/673/5901048/42042408_max.jpg;https://static.esticrm.pl/public/images/offers/673/5901048/42042408_max.jpg;"DUY SZEREGOWY DOM W POSZUKIWANEJ LOKALIZACJI!!CENA: 950 000 zPOWIERZCHNIA UYTKOWA: 284,97 m2POWIERZCHNIA CAKOWITA 305,50m2POWIERZCHNIA DZIAKI: 491 m2GARA W BRYLE BUDYNKU 18,8m2
Dom pooony na osiedlu Kamionka na cichej i spokojnej ulicy osiedlowej.Dom zosta wybudowany w 2004rStolarka okienna drewniana z oknami 3 szybowymi, a na poddaszu okna poaciowe maki Velux.Ogrdek oraz tarasy s od strony poudniowej dziki czemu s bardzo dobrze nasonecznione.Ogrzewanie domu oraz ciepa woda z piecyka dwufunkcyjnego gazowego marki Junkers. trzy letniego.W okresie grzewczym koszt gazu wynis 900 z za miesic.Instalacja elektryczna oraz grzewcza miedziana.Dach pokryty blachodachwkom.Moc w garau 380 kWSchody wyoone gresem z porcz drewnian.Dom wybudowany z bloczkw gazobeton, ocieplony z tynkiem typu baranek.Dom czterokondygnacyjny:I KONDYGNACJA (przyziemie):- gara z kanaem (18 m2)- WC- pralnia z kuchni letni- sala rekreacyjna-pomieszczenie gospodarcze-skadzikII KONDYGNACJA (parter):-salon (28,5 m2)-kuchnia-gabinet-azienka z prysznicem-jadalnia z wyjciem na taras-przedpokjIII KONDYGNACYJNA (1 pitro):-sypialnia-pokj-pokj-azienka z wann-holIV KONDYGNACJA (2 pitro):-hol-pokj-pokj-pokj-pokjIstnieje moliwo pozostawienia czci wyposaenia oraz sprztw RTV i AGDPrzy zakupie nieruchomoci naley uwzgldni koszty notarialne i wynagrodzenie dla biura nieruchomoci 1,23 % brutto.Oferujemy skuteczn pomoc w otrzymaniu kredytu.ZAPRASZAMY NA PREZENTACJ!Przedstawiona oferta ma charakter informacyjny, nie stanowi oferty handlowej w rozumieniu art. 66 1 Kodeksu Cywilnego.Opis i zdjcia objte s ochron praw autorskich, osobistych i majtkowych stanowic wasno przedsibiorstwa FUTURE w wietle prawa autorskiego ustawa z 4 lutego 1994 r. o prawie autorskim i prawach pokrewnych (Dz. U. 1994, nr 24 poz. 83 z p";wtrny;10;3;Elblg Legionw;3109.66;-1;-1;2004;True;-1;-1;-1;-1;-1;-1;-1;-1;-1;944548;-1;-1;-1;-1;-1;552755528|502071014;dorota.kruk@futurenieruchomosci.pl;futurenieruchomosci;-1;2022-05-09 23:22:25.697659
Mieszkanie;419000.00;Sprzeda;-1;77,75;-1;https://www.futurenieruchomosci.pl/nieruchomosci/mieszkanie-na-sprzedaz/elblag/347;19;['https://static.esticrm.pl/public/images/offers/673/5853570/41703249_max.jpg', 'https://static.esticrm.pl/public/images/offers/673/5853570/41703303_max.jpg', 'https://static.esticrm.pl/public/images/offers/673/5853570/41703309_max.jpg', 'https://static.esticrm.pl/public/images/offers/673/5853570/41703312_max.jpg', 'https://static.esticrm.pl/public/images/offers/673/5853570/41703258_max.jpg', 'https://static.esticrm.pl/public/images/offers/673/5853570/41703270_max.jpg', 'https://static.esticrm.pl/public/images/offers/673/5853570/41703327_max.jpg', 'https://static.esticrm.pl/public/images/offers/673/5853570/41703333_max.jpg', 'https://static.esticrm.pl/public/images/offers/673/5853570/41703279_max.jpg', 'https://static.esticrm.pl/public/images/offers/673/5853570/41703285_max.jpg', 'https://static.esticrm.pl/public/images/offers/673/5853570/41703291_max.jpg', 'https://static.esticrm.pl/public/images/offers/673/5853570/41703294_max.jpg', 'https://static.esticrm.pl/public/images/offers/673/5853570/41703342_max.jpg', 'https://static.esticrm.pl/public/images/offers/673/5853570/41703348_max.jpg', 'https://static.esticrm.pl/public/images/offers/673/5853570/41703354_max.jpg', 'https://static.esticrm.pl/public/images/offers/673/5853570/41703357_max.jpg', 'https://static.esticrm.pl/public/images/offers/673/5853570/41703366_max.jpg', 'https://static.esticrm.pl/public/images/offers/673/5853570/41703375_max.jpg', 'https://static.esticrm.pl/public/images/offers/673/5853570/41884920_max.jpg'];https://static.esticrm.pl/public/images/offers/673/5853570/41703249_max.jpg;https://static.esticrm.pl/public/images/offers/673/5853570/41703249_max.jpg;PRZESTRONNE MIESZKANIE PO GENERALNYM REMONCIECENA: 419 000 zMOLIWO NEGOCJACJI CENY!!!!!!!!!!!!!POWIERZCHNIA: 77,75 m2II PITRO3 POKOJEPolecamy Pastwu mieszkanie o podwyszonym standardzieLokal przeszed generalny remontStolarka okienna PCV z wywietrznikami oraz zamontowanymi moskitierami.Nowe drzwi zewntrzne i wewntrzne nowe ocienice.W pokojach na podogach panele, a ciany pokryte gadzi tynkow.Sufity podwieszane z zamontowanymi halogenami dajcymi dodatkowe rdo wiato.Kuchnia zabudowana meblami robionymi na zamwienie wraz ze sprztem AGD (lodwka, piekarnik, pyta gazowa, zmywarka okap)W sypialni jest dua szafa w zabudowie, ktra pozostaje w cenie.W salonie jedna ze cian pokryta dekoracyjn cegiek ,sufit podwieszany.Dogodny ukad mieszkania do kadego pokoju osobne wejcie z przedpokoju.Ogrzewanie i ciepa woda z piecyka gazowego dwufunkcyjnego marki Beretta.Cae mieszkanie utrzymane w nowoczesnym stylu , wysoko 3 m, dziki temu caa przestrze wydaje si jeszcze bardziej otwarta i przestronna.Przy zakupie nieruchomoci naley uwzgldni koszty notarialne i wynagrodzenie dla biura nieruchomoci 1,23 % brutto.Oferujemy skuteczn pomoc w otrzymaniu kredytu.ZAPRASZAMY NA PREZENTACJ!Przedstawiona oferta ma charakter informacyjny, nie stanowi oferty handlowej w rozumieniu art. 66 1 Kodeksu Cywilnego.Opis i zdjcia objte s ochron praw autorskich, osobistych i majtkowych stanowic wasno przedsibiorstwa FUTURE w wietle prawa autorskiego ustawa z 4 lutego 1994 r. o prawie autorskim i prawach pokrewnych (Dz. U. 1994, nr 24 poz. 83 z p;wtrny;3;2;Elblg Ogrodowa;5389.07;-1;-1;-1;-1;-1;-1;-1;-1;True;-1;-1;-1;-1;332672;3;-1;-1;-1;-1;552755528|502071014;dorota.kruk@futurenieruchomosci.pl;futurenieruchomosci;-1;2022-05-09 23:22:26.012946
Mieszkanie;310000.00;Sprzeda;-1;49,84;-1;https://www.futurenieruchomosci.pl/nieruchomosci/mieszkanie-na-sprzedaz/elblag/346;17;['https://static.esticrm.pl/public/images/offers/673/5852955/41697495_max.jpg', 'https://static.esticrm.pl/public/images/offers/673/5852955/41697507_max.jpg', 'https://static.esticrm.pl/public/images/offers/673/5852955/41697519_max.jpg', 'https://static.esticrm.pl/public/images/offers/673/5852955/41697456_max.jpg', 'https://static.esticrm.pl/public/images/offers/673/5852955/41697489_max.jpg', 'https://static.esticrm.pl/public/images/offers/673/5852955/41697537_max.jpg', 'https://static.esticrm.pl/public/images/offers/673/5852955/41705025_max.jpg', 'https://static.esticrm.pl/public/images/offers/673/5852955/41697531_max.jpg', 'https://static.esticrm.pl/public/images/offers/673/5852955/41705058_max.jpg', 'https://static.esticrm.pl/public/images/offers/673/5852955/41697384_max.jpg', 'https://static.esticrm.pl/public/images/offers/673/5852955/41697420_max.jpg', 'https://static.esticrm.pl/public/images/offers/673/5852955/41697444_max.jpg', 'https://static.esticrm.pl/public/images/offers/673/5852955/41704992_max.jpg', 'https://static.esticrm.pl/public/images/offers/673/5852955/41697450_max.jpg', 'https://static.esticrm.pl/public/images/offers/673/5852955/41697528_max.jpg', 'https://static.esticrm.pl/public/images/offers/673/5852955/41697582_max.jpg', 'https://static.esticrm.pl/public/images/offers/673/5852955/41884941_max.jpg'];https://static.esticrm.pl/public/images/offers/673/5852955/41697495_max.jpg;https://static.esticrm.pl/public/images/offers/673/5852955/41697495_max.jpg;"MIESZKANIE W CENTRUM Z PIKNYM TARASEMNOWA CENA: 310 000 zMOLIWO NEGOCJACJI CENY!!!!POWIERZCHNIA: 49,84 m2IV PITRO2 POKOJE
Polecamy Pastw do zakupu adne klimatyczne mieszkanie z cakowitym wyposaeniem.Mieszkanie przeszo generalny remont w trakcie ktrego, zostaa wymieniona instalacja elektryczna, hydrauliczna i grzewcza.W kuchni znajduj si meble robione na zamwienie pod wymiar z podwietleniem led wraz ze sprztem AGD (lodwka, mikrofala, piekarnik, pyta grzewcza)Na pododze w kuchni, sypialni i przedpokoju deski drewniane.azienka wyoona glazur i terakot z now kabina prysznicow z deszczownic.W salonie na pododze panele, a ciany pokryte gadzi tynkow.Na przedpokoju staa zabudowa.Stolarka okienna PCV.Dodatkowo przy mieszkaniu znajduje si strych uytkowany tylko przez wacicieli tego mieszkania.Czynsz w wysokoci 330 zMieszkanie posiada indywidualne liczniki energii cieplnej.Instalacja eklektyczna trzyfazowa.Mieszkanie ciepe, soneczne, czyste, gotowe do wprowadzenia si.W pobliu pena infrastruktura; liczne sklepy. punkty handlowo-usugowe, szkoy, Urzd Miasta, park.Przy zakupie nieruchomoci naley uwzgldni koszty notarialne i wynagrodzenie dla biura nieruchomoci 1,23 % brutto.Oferujemy skuteczn pomoc w otrzymaniu kredytu.ZAPRASZAMY NA PREZENTACJ!Przedstawiona oferta ma charakter informacyjny, nie stanowi oferty handlowej w rozumieniu art. 66 1 Kodeksu Cywilnego.Opis i zdjcia objte s ochron praw autorskich, osobistych i majtkowych stanowic wasno przedsibiorstwa FUTURE w wietle prawa autorskiego ustawa z 4 lutego 1994 r. o prawie autorskim i prawach pokrewnych (Dz. U. 1994, nr 24 poz. 83 z p";wtrny;2;4;Elblg Trybunalska;6219.90;-1;-1;1950;True;-1;-1;-1;-1;True;-1;-1;-1;-1;318510;4;-1;-1;-1;-1;552755528|502071014;dorota.kruk@futurenieruchomosci.pl;futurenieruchomosci;-1;2022-05-09 23:22:26.411309
Mieszkanie;1650.00;Wynajem;-1;59,60;-1;https://www.futurenieruchomosci.pl/nieruchomosci/mieszkanie-na-wynajem/elblag/345;19;['https://static.esticrm.pl/public/images/offers/673/5845944/42554256_max.jpg', 'https://static.esticrm.pl/public/images/offers/673/5845944/41662902_max.jpg', 'https://static.esticrm.pl/public/images/offers/673/5845944/42554247_max.jpg', 'https://static.esticrm.pl/public/images/offers/673/5845944/42554268_max.jpg', 'https://static.esticrm.pl/public/images/offers/673/5845944/42554274_max.jpg', 'https://static.esticrm.pl/public/images/offers/673/5845944/41662776_max.jpg', 'https://static.esticrm.pl/public/images/offers/673/5845944/41662893_max.jpg', 'https://static.esticrm.pl/public/images/offers/673/5845944/41662884_max.jpg', 'https://static.esticrm.pl/public/images/offers/673/5845944/41635446_max.jpg', 'https://static.esticrm.pl/public/images/offers/673/5845944/41663358_max.jpg', 'https://static.esticrm.pl/public/images/offers/673/5845944/41649555_max.jpg', 'https://static.esticrm.pl/public/images/offers/673/5845944/41649561_max.jpg', 'https://static.esticrm.pl/public/images/offers/673/5845944/41662854_max.jpg', 'https://static.esticrm.pl/public/images/offers/673/5845944/41662875_max.jpg', 'https://static.esticrm.pl/public/images/offers/673/5845944/41663922_max.jpg', 'https://static.esticrm.pl/public/images/offers/673/5845944/41649516_max.jpg', 'https://static.esticrm.pl/public/images/offers/673/5845944/41663925_max.jpg', 'https://static.esticrm.pl/public/images/offers/673/5845944/41649498_max.jpg', 'https://static.esticrm.pl/public/images/offers/673/5845944/41649489_max.jpg'];https://static.esticrm.pl/public/images/offers/673/5845944/42554256_max.jpg;https://static.esticrm.pl/public/images/offers/673/5845944/42554256_max.jpg;MIESZKANIE 3 POKOJOWE W PENI UMEBLOWANECENA NAJMU: 1650 zPOWIERZCHNIA: 59.6 m2VI PITROWSZYSTKIE MEDIA Z MIASTANAJEM OKAZJONALNY LUB NA FIRMOferujemy Pastwu przestronne 3 pokojowe mieszkanie.Mieszkanie jest dwustronne ,okna wychodz na wschd i zachd ,dziki temu jest ciepe i soneczne.Sypialnia oraz salon wyoone s parkietem, w przedpokoju oraz pokoju dziecicym znajduje si wykadzina.Mieszkanie jest w peni umeblowane i wyposaone w sprzt AGD.Mieszkanie zostanie doposaone w nowe ko w dziecicym pokoju, oraz nowy materac w sypialni.W pobliu znajduj si przedszkola, szkoy, sklepy , Galeria Ogrody ,Carrefour ,Biedronka ,przychodne , dobry dojazd komunikacj miejsk.W budynku zostaa zamontowana nowa winda w 2021r. Aktualnie budynek przechodzi termomodernizacj.Cena najmu 1650z + czynsz administracyjny (okoo 700 z na 3 osoby) + prd (wedug wskaza licznika).Jednorazowa kaucja zwrotna w wysokoci 2000z.Przy wynajmie naley uwzgldni jednorazowe wynagrodzenie dla biura nieruchomoci.ZAPRASZAMY NA PREZENTACJ!Przedstawiona oferta ma charakter informacyjny, nie stanowi oferty handlowej w rozumieniu art. 66 1 Kodeksu Cywilnego.Opis i zdjcia objte s ochron praw autorskich, osobistych i majtkowych stanowic wasno przedsibiorstwa FUTURE w wietle prawa autorskiego ustawa z 4 lutego 1994 r. o prawie autorskim i prawach pokrewnych (Dz. U. 1994, nr 24 poz. 83 z pn. zm.);wtrny;3;6;Elblg Jzefa Wybickiego;27.68;-1;-1;-1;True;-1;True;-1;-1;True;-1;-1;-1;-1;224569;10;2000;-1;-1;-1;552755528|609369466;patryk.kruk@futurenieruchomosci.pl;futurenieruchomosci;-1;2022-05-09 23:22:26.704612
Lokal handlowy/usugowy;2230.00;Wynajem;-1;37;-1;https://www.futurenieruchomosci.pl/nieruchomosci/lokal-obiekt-komercyjny-na-wynajem/elblag/344;9;['https://static.esticrm.pl/public/images/offers/673/5817213/41405253_max.jpg', 'https://static.esticrm.pl/public/images/offers/673/5817213/41405265_max.jpg', 'https://static.esticrm.pl/public/images/offers/673/5817213/41405289_max.jpg', 'https://static.esticrm.pl/public/images/offers/673/5817213/41378115_max.jpg', 'https://static.esticrm.pl/public/images/offers/673/5817213/41378118_max.jpg', 'https://static.esticrm.pl/public/images/offers/673/5817213/41378127_max.jpg', 'https://static.esticrm.pl/public/images/offers/673/5817213/41378130_max.jpg', 'https://static.esticrm.pl/public/images/offers/673/5817213/41378142_max.jpg', 'https://static.esticrm.pl/public/images/offers/673/5817213/41378145_max.jpg'];https://static.esticrm.pl/public/images/offers/673/5817213/41405253_max.jpg;https://static.esticrm.pl/public/images/offers/673/5817213/41405253_max.jpg;LOKAL PO REMONCIE W CISYM CENTRUMWEJCIE BEZOREDNIO Z CHODNIKA DUE WITRYNY WYSTAWOWEPOWIERZCHNIA: 37m2CENA: 2230z + 23%VAT + MediaPolecamy Pastwu do wynajmu doskonale zlokalizowany lokal handlowo-usugowy. .Okna wystawowe widoczne z daleka z chodnika i ulicy.Dodatkowym atutem jest przejedajcy obok tramwaj i autobus dziki czemu widoczno i rozpoznawalno punktu handlowego bd usugowego jest znacznie wiksza. Na caej cianie lokalu znajduj si szyby wystawowe, ekspozycja okien na kierunek poudniowy. Cay dzie lokal jest bardzo dobrze dowietlony. W lokalu jest mae zaplecze oraz toaleta.Ogrzewanie i ciepa woda z sieci miejskiej.Lokal ten doskonale nadaje si dla firmy ktrej zaley na dobrej lokalizacji i dotarciu do jak najwikszej liczby klientw z ulicy.Przy wynajmie naley uwzgldni jednorazowe wynagrodzenie dla biura nieruchomociZAPRASZAMY NA PREZENTACJ!Przedstawiona oferta ma charakter informacyjny, nie stanowi oferty handlowej w rozumieniu art. 66 1 Kodeksu Cywilnego.Opis i zdjcia objte s ochron praw autorskich, osobistych i majtkowych stanowic wasno przedsibiorstwa FUTURE w wietle prawa autorskiegoustawa z 4 lutego 1994 r. o prawie autorskim i prawach pokrewnych (Dz. U. 1994, nr 24 poz. 83 z pn. zm.);wtrny;2;-1;Elblg 1 Maja;60.27;-1;-1;-1;-1;-1;-1;-1;-1;-1;-1;-1;-1;-1;452825;-1;-1;-1;-1;-1;552755528|609369466;patryk.kruk@futurenieruchomosci.pl;futurenieruchomosci;-1;2022-05-09 23:22:26.988871
Mieszkanie;289000.00;Sprzeda;-1;45,80;-1;https://www.futurenieruchomosci.pl/nieruchomosci/mieszkanie-na-sprzedaz/elblag/343;20;['https://static.esticrm.pl/public/images/offers/673/5790399/41103897_max.jpg', 'https://static.esticrm.pl/public/images/offers/673/5790399/41103912_max.jpg', 'https://static.esticrm.pl/public/images/offers/673/5790399/41103927_max.jpg', 'https://static.esticrm.pl/public/images/offers/673/5790399/41103933_max.jpg', 'https://static.esticrm.pl/public/images/offers/673/5790399/41103936_max.jpg', 'https://static.esticrm.pl/public/images/offers/673/5790399/41103984_max.jpg', 'https://static.esticrm.pl/public/images/offers/673/5790399/41104002_max.jpg', 'https://static.esticrm.pl/public/images/offers/673/5790399/41103939_max.jpg', 'https://static.esticrm.pl/public/images/offers/673/5790399/41103942_max.jpg', 'https://static.esticrm.pl/public/images/offers/673/5790399/41103957_max.jpg', 'https://static.esticrm.pl/public/images/offers/673/5790399/41103873_max.jpg', 'https://static.esticrm.pl/public/images/offers/673/5790399/41103867_max.jpg', 'https://static.esticrm.pl/public/images/offers/673/5790399/41103864_max.jpg', 'https://static.esticrm.pl/public/images/offers/673/5790399/41103840_max.jpg', 'https://static.esticrm.pl/public/images/offers/673/5790399/41103846_max.jpg', 'https://static.esticrm.pl/public/images/offers/673/5790399/41103855_max.jpg', 'https://static.esticrm.pl/public/images/offers/673/5790399/41103861_max.jpg', 'https://static.esticrm.pl/public/images/offers/673/5790399/41104014_max.jpg', 'https://static.esticrm.pl/public/images/offers/673/5790399/41104044_max.jpg', 'https://static.esticrm.pl/public/images/offers/673/5790399/41109342_max.jpg'];https://static.esticrm.pl/public/images/offers/673/5790399/41103897_max.jpg;https://static.esticrm.pl/public/images/offers/673/5790399/41103897_max.jpg;WYREMONTOWANE, PRZESTRONNE DWUPOKOJOWE MIESZKANIE W BARDZO DOBREJ LOKALIZACJI!NOWA CENA: 289 000 zPOWIERZCHNIA: 45,8 m2DWA POKOJEIV PITROBALKONWSZYSTKIE MEDIA Z MIASTADLA ZDECYDOWANEGO KLIENTA MOLIWO NEGOCJACJI CENYPolecamy Pastwu soneczne ,ciepe ,po cakowitym remoncie mieszkanie znajdujce si w budynku przy ul. Traugutta.Budynek ocieplony z wyremontowan klatk schodow.Parking przed budynkiem zabezpieczony szlabanem.Wystawa okienna wschodnio -zachodnia.Stolarka okienna PCV wymieniona podczas remontu.Mieszkanie przeszo generalny remont w latach 2017-2018.Nowa instalacja elektryczna, hydrauliczna.Nowe panele podogowe w pokojach.Podogi na przedpokj, kuchni i azience oraz balkonie wyoone pytkami.W kuchni i azience glazura.Nowe drzwi wewntrzne oraz zewntrzne.W cenie pozostaje pene umeblowanie pokoi widoczne na zdjciach zabudowa kuchni, przedpokoju oraz sprzty AGD( pralka ,lodwka)Do mieszkania przynaley piwnica o pow. 4,8 m2Czynsz w wysokoci 350 zW pobliu liczne sklepy, punkty handlowo-usugowe.Mieszkanie idealne jako inwestycja do dalszego wynajmu lub do zakupu dla modej rodziny ktra chce mie obek, przedszkole, szko w bliskiej odlegoci od domu. Mieszkanie nie wymaga adnych nakadw finansowych jeeli nie lubisz remontw ta oferta jest dla Ciebie.Polecamy!!!!!!!!!!!!!!!!!!!!!Przy zakupie nieruchomoci naley uwzgldni koszty notarialne i wynagrodzenie dla biura nieruchomoci 1,23 % brutto.Oferujemy skuteczn pomoc w otrzymaniu kredytu.ZAPRASZAMY NA PREZENTACJ!Przedstawiona oferta ma charakter informacyjny, nie stanowi oferty handlowej w rozumieniu art. 66 1 Kodeksu Cywilnego.Opis i zdjcia objte s ochron praw autorskich, osobistych i majtkowych stanowic wasno przedsibiorstwa FUTURE w wietle prawa autorskiego ustawa z 4 lutego 1994 r. o prawie autorskim i prawach pokrewnych (Dz. U. 1994, nr 24 poz. 83 z p;wtrny;2;4;Elblg Romualda Traugutta;6310.04;-1;-1;-1;True;-1;-1;-1;True;True;-1;-1;-1;-1;534026;4;-1;-1;-1;-1;552755528|502071014;dorota.kruk@futurenieruchomosci.pl;futurenieruchomosci;-1;2022-05-09 23:22:27.271128
Mieszkanie;565000.00;Sprzeda;-1;93,50;-1;https://www.futurenieruchomosci.pl/nieruchomosci/mieszkanie-na-sprzedaz/elblag/342;27;['https://static.esticrm.pl/public/images/offers/673/5781360/41019267_max.jpg', 'https://static.esticrm.pl/public/images/offers/673/5781360/41019276_max.jpg', 'https://static.esticrm.pl/public/images/offers/673/5781360/41019288_max.jpg', 'https://static.esticrm.pl/public/images/offers/673/5781360/41019300_max.jpg', 'https://static.esticrm.pl/public/images/offers/673/5781360/41019252_max.jpg', 'https://static.esticrm.pl/public/images/offers/673/5781360/41019258_max.jpg', 'https://static.esticrm.pl/public/images/offers/673/5781360/41019084_max.jpg', 'https://static.esticrm.pl/public/images/offers/673/5781360/41019075_max.jpg', 'https://static.esticrm.pl/public/images/offers/673/5781360/41019264_max.jpg', 'https://static.esticrm.pl/public/images/offers/673/5781360/41019315_max.jpg', 'https://static.esticrm.pl/public/images/offers/673/5781360/41019060_max.jpg', 'https://static.esticrm.pl/public/images/offers/673/5781360/41019309_max.jpg', 'https://static.esticrm.pl/public/images/offers/673/5781360/41019303_max.jpg', 'https://static.esticrm.pl/public/images/offers/673/5781360/41019096_max.jpg', 'https://static.esticrm.pl/public/images/offers/673/5781360/41019093_max.jpg', 'https://static.esticrm.pl/public/images/offers/673/5781360/41019099_max.jpg', 'https://static.esticrm.pl/public/images/offers/673/5781360/41019243_max.jpg', 'https://static.esticrm.pl/public/images/offers/673/5781360/41019249_max.jpg', 'https://static.esticrm.pl/public/images/offers/673/5781360/41019234_max.jpg', 'https://static.esticrm.pl/public/images/offers/673/5781360/41019318_max.jpg', 'https://static.esticrm.pl/public/images/offers/673/5781360/41019237_max.jpg', 'https://static.esticrm.pl/public/images/offers/673/5781360/41019225_max.jpg', 'https://static.esticrm.pl/public/images/offers/673/5781360/41019192_max.jpg', 'https://static.esticrm.pl/public/images/offers/673/5781360/41019222_max.jpg', 'https://static.esticrm.pl/public/images/offers/673/5781360/41107161_max.jpg', 'https://static.esticrm.pl/public/images/offers/673/5781360/41107164_max.jpg', 'https://static.esticrm.pl/public/images/offers/673/5781360/41267001_max.jpg'];https://static.esticrm.pl/public/images/offers/673/5781360/41019267_max.jpg;https://static.esticrm.pl/public/images/offers/673/5781360/41019267_max.jpg;"PRZESTRONNE MIESZKANIE PRZY UL. SONECZNEJ !DUY POTENCJA ARANACYJNY I INWESTYCYJNY!CENA: 565 000 z DO NEGOCJACJIPOWIERZCHNIA: 93,5 m2III PITRO4 POKOJEDWA BALKONYDWIE PIWNICEGARA 45000zWSZYSTKIE MEDIA Z MIASTAMieszkanie zostao poczone z kawalerki oraz mieszkania 3 pokojowego i jest moliwo przywrcenia do stanu pierwotnego s dwie ksigi wieczyste.W skad mieszkania wchodzi: przedpokj, kuchnia, salon z jadalni, sypialnia, 3 pokoje, azienka i WC.Soneczne mieszkanie z wystaw okienn pnocno-poudniow.Stolarka okienna PCV.W salonie na podogach parkiet, na cianach gadzie.W pozostaych pokojach na podogach panele na cianach gadzie.Sufit podwieszany w kuchni.Nowe drzwi wewntrzne i zewntrzne dopasowane kolorystycznie do wystroju.Wymieniona instalacja elektryczna i hydrauliczna.W kuchni, azience oraz WC pooona glazura i terakota.Do mieszkania przynale 2 piwnice (3,24 m2; 3,24 m2)Czynsz wynosi 910 z.W cenie pozostaj meble kuchenne wraz ze sprztem AGD (lodwka, zmywarka, okap, piekarnik elektryczny i kuchenka gazowa) oraz jest moliwo pozostawienia czciowego umeblowania w cenie.Budynek po termoizolacji.W klatce mieszka jedynie 11 rodzin.Mieszkanie bardzo ciepe ,czyste, zadbane, gotowe do wprowadzenia si z moliwoci pozostawienia czci mebli w cenie.Moliwo dokupienia murowanego garau o pow. 19 m2 w cenie 45 000 z mieszczcego si ok 50m od budynku
Przy zakupie nieruchomoci naley uwzgldni koszty notarialne i wynagrodzenie dla biura nieruchomoci 1,23 %brutto.Oferujemy skuteczn pomoc w otrzymaniu kredytu.ZAPRASZAMY NA PREZENTACJ!Przedstawiona oferta ma charakter informacyjny, nie stanowi oferty handlowej w rozumieniu art. 66 1 Kodeksu Cywilnego.Opis i zdjcia objte s ochron praw autorskich, osobistych i majtkowych stanowic wasno przedsibiorstwa FUTURE w wietle prawa autorskiego ustawa z 4 lutego 1994 r. o prawie autorskim i prawach pokrewnych (Dz. U. 1994, nr 24 poz. 83 z p";wtrny;4;3;Elblg Soneczna;6042.78;-1;-1;-1;True;-1;-1;-1;True;True;-1;-1;-1;-1;902561;4;-1;-1;-1;-1;552755528|502071014;dorota.kruk@futurenieruchomosci.pl;futurenieruchomosci;-1;2022-05-09 23:22:27.612438
Dom (Wolnostojcy);6000.00;Wynajem;-1;240;5611;https://www.futurenieruchomosci.pl/nieruchomosci/dom-na-wynajem/paslek/341;42;['https://static.esticrm.pl/public/images/offers/673/5755986/41107449_max.jpg', 'https://static.esticrm.pl/public/images/offers/673/5755986/41107443_max.jpg', 'https://static.esticrm.pl/public/images/offers/673/5755986/41107446_max.jpg', 'https://static.esticrm.pl/public/images/offers/673/5755986/41107452_max.jpg', 'https://static.esticrm.pl/public/images/offers/673/5755986/40782654_max.jpg', 'https://static.esticrm.pl/public/images/offers/673/5755986/40782552_max.jpg', 'https://static.esticrm.pl/public/images/offers/673/5755986/40782624_max.jpg', 'https://static.esticrm.pl/public/images/offers/673/5755986/40782687_max.jpg', 'https://static.esticrm.pl/public/images/offers/673/5755986/40782717_max.jpg', 'https://static.esticrm.pl/public/images/offers/673/5755986/40782339_max.jpg', 'https://static.esticrm.pl/public/images/offers/673/5755986/40782363_max.jpg', 'https://static.esticrm.pl/public/images/offers/673/5755986/40782402_max.jpg', 'https://static.esticrm.pl/public/images/offers/673/5755986/40782429_max.jpg', 'https://static.esticrm.pl/public/images/offers/673/5755986/40782459_max.jpg', 'https://static.esticrm.pl/public/images/offers/673/5755986/40782489_max.jpg', 'https://static.esticrm.pl/public/images/offers/673/5755986/40782516_max.jpg', 'https://static.esticrm.pl/public/images/offers/673/5755986/40782108_max.jpg', 'https://static.esticrm.pl/public/images/offers/673/5755986/40782132_max.jpg', 'https://static.esticrm.pl/public/images/offers/673/5755986/40782177_max.jpg', 'https://static.esticrm.pl/public/images/offers/673/5755986/40782282_max.jpg', 'https://static.esticrm.pl/public/images/offers/673/5755986/40782306_max.jpg', 'https://static.esticrm.pl/public/images/offers/673/5755986/40782741_max.jpg', 'https://static.esticrm.pl/public/images/offers/673/5755986/40782771_max.jpg', 'https://static.esticrm.pl/public/images/offers/673/5755986/40782810_max.jpg', 'https://static.esticrm.pl/public/images/offers/673/5755986/40782843_max.jpg', 'https://static.esticrm.pl/public/images/offers/673/5755986/40782867_max.jpg', 'https://static.esticrm.pl/public/images/offers/673/5755986/40782903_max.jpg', 'https://static.esticrm.pl/public/images/offers/673/5755986/40782918_max.jpg', 'https://static.esticrm.pl/public/images/offers/673/5755986/40782939_max.jpg', 'https://static.esticrm.pl/public/images/offers/673/5755986/40782963_max.jpg', 'https://static.esticrm.pl/public/images/offers/673/5755986/40782996_max.jpg', 'https://static.esticrm.pl/public/images/offers/673/5755986/40783029_max.jpg', 'https://static.esticrm.pl/public/images/offers/673/5755986/41147004_max.jpg', 'https://static.esticrm.pl/public/images/offers/673/5755986/41147028_max.jpg', 'https://static.esticrm.pl/public/images/offers/673/5755986/41147055_max.jpg', 'https://static.esticrm.pl/public/images/offers/673/5755986/41147070_max.jpg', 'https://static.esticrm.pl/public/images/offers/673/5755986/41147031_max.jpg', 'https://static.esticrm.pl/public/images/offers/673/5755986/41147064_max.jpg', 'https://static.esticrm.pl/public/images/offers/673/5755986/41147022_max.jpg', 'https://static.esticrm.pl/public/images/offers/673/5755986/40783137_max.jpg', 'https://static.esticrm.pl/public/images/offers/673/5755986/40783101_max.jpg', 'https://static.esticrm.pl/public/images/offers/673/5755986/41146938_max.jpg'];https://static.esticrm.pl/public/images/offers/673/5755986/41107449_max.jpg;https://static.esticrm.pl/public/images/offers/673/5755986/41107449_max.jpg;DO WYNAJMU NIERUCHOMO Z PÓ£KI PREMIUMDUY PRZESTRONNY DOM Z WIELKIM OGRODEMCENA NAJMU 6000 z bruttoPOWIERZCHNIA UYTKOWA DOMU 240m2POWIERZCHNIA DZIAKI 5 611m2NAJEM OKAZJONALNY LUB NA FIRMPolecamy Pastwu do wynajmu komfortowy dom w PaskuDom pooony w cichej spokojnej okolicy z dala od zgieku miasta z szybkim dojazdem do drogi S7 zaledwie 10 minut od Elblga.Wok domu jest duy zadbany ogrd , dodatkowy atut to taras z ktrego mamy pikny widok.Dom w peni umeblowany ,wyposaenie widoczne na na zdjciach.Budynek dwu kondygnacyjnyI kondygnacja parter :- hol-kuchnia otwarta na salon- salon- 2 sypialnie- azienka z saun i WCII kondygnacja :- 2 sypialnie- 1 azienka z WC- garderobaNa pierwszym poziomie wchodzc do domu mamy duy przestronny hol ,nastpnie z holu moemy wej do salonu poczonego z kuchni.W kuchni meble w staej zabudowie , sprzty AGD (lodwka,zmywarrka,pyta indukcyjna,piekarnik). Speni oczekiwania najbardziej wymagajcej rodziny.Na parterze domu jest przestronna azienka z wann , prysznicem oraz saun.Na parterze s rwnierz dwie due sypialnie.Z salonu jest wyjcie na taras i duy adny ogrd. Dbowe schody prowadz na pitro domu ,s tam dwie przestronne sypialnie, garderoba i azienka z WCW domu podogi wyoone zostay deskami wierkowymi oraz terakot.Dom ogrzewany jest przez piec na olej opaowy.Usytuowanie domu na grce sprawia e mamy adny widok na ca okolic a jednoczenie ogrodzenie wok posesji zapewnia nam prywatno .Miejsca postojowe przy domy wyoone kostk brukow. Na terenie ogrodu zostay zrobione cieki z kostki brukowej.Dom do wynajmu speni oczekiwania najbardziej wymagajcych klientw.Waciciel oferuje moliwo doposaenia domu wedug potrzeb klientw wynajmujcych.Wynajem typu okazjonalnego lub na firm na okres 2-3 lata z moliwoci przeduenia.Cena najmu 6000z + opaty za media ok. 1000zJednorazowa kaucj zwrotn w wysokoci 6.000zPrzy wynajmie naley uwzgldni jednorazowe wynagrodzenie dla biura nieruchomoci ..ZAPRASZAMY NA PREZENTACJ!Przedstawiona oferta ma charakter informacyjny, nie stanowi oferty handlowej w rozumieniu art. 66 1 Kodeksu Cywilnego.Opis i zdjcia objte s ochron praw autorskich, osobistych i majtkowych stanowic wasno przedsibiorstwa FUTURE w wietle prawa autorskiego ustawa z 4 lutego 1994 r. o prawie autorskim i prawach pokrewnych (Dz. U. 1994, nr 24 poz. 83 z pn. zm.);wtrny;5;2;Pask;25.00;-1;-1;2018;-1;-1;-1;-1;-1;True;-1;-1;-1;-1;793871;-1;6000;-1;-1;-1;552755528|609369466;patryk.kruk@futurenieruchomosci.pl;futurenieruchomosci;-1;2022-05-09 23:22:27.970764
Mieszkanie;1150.00;Wynajem;-1;25,18;-1;https://www.futurenieruchomosci.pl/nieruchomosci/mieszkanie-na-wynajem/elblag/340;9;['https://static.esticrm.pl/public/images/offers/673/5689137/40124640_max.jpg', 'https://static.esticrm.pl/public/images/offers/673/5689137/40124637_max.jpg', 'https://static.esticrm.pl/public/images/offers/673/5689137/40124643_max.jpg', 'https://static.esticrm.pl/public/images/offers/673/5689137/40124634_max.jpg', 'https://static.esticrm.pl/public/images/offers/673/5689137/40124589_max.jpg', 'https://static.esticrm.pl/public/images/offers/673/5689137/40124649_max.jpg', 'https://static.esticrm.pl/public/images/offers/673/5689137/40124646_max.jpg', 'https://static.esticrm.pl/public/images/offers/673/5689137/40124631_max.jpg', 'https://static.esticrm.pl/public/images/offers/673/5689137/40124598_max.jpg'];https://static.esticrm.pl/public/images/offers/673/5689137/40124640_max.jpg;https://static.esticrm.pl/public/images/offers/673/5689137/40124640_max.jpg;"KAWALERKA W PENI UMEBLOWANA DO ZAMIESZKANIA OD ZARAZ!CENA NAJMU: 1150 zPOWIERZCHNIA: 25,18 m2I PITROWSZYSTKIE MEDIA Z MIASTANAJEM OKAZJONALNY LUB NA FIRMKawalerka w peni umeblowana ze sprztem AGD.Na wyposaeniu mieszkania znajduj si:nowe meble pokojowe, rogwka, nowe meble kuchenne i na przedpokoju. lodwka, okap, pyta gazowa, pralka, telewizor.Budynek administrowany przez spdzielni mieszkaniow ""Sielanka""Budynek oraz teren wok budynku zadbany, wjazd na osiedle zabezpieczony szlabanem na pilot.W pobliu znajduj si liczne punkty handlowo-usugowe, sklepy.Mieszkanie przeznaczone dla osoby pracujcej, niepalcej ,bez zwierzt ,idealne dla osoby samotnej lub pary.Cena najmu 1150z + czynsz administracyjny 310 z + prd + gaz (wedug wskaza licznika) Jednorazow kaucj zwrotn w wysokoci 1150zPrzy wynajmie naley uwzgldni jednorazowe wynagrodzenie dla biura nieruchomociZAPRASZAMY NA PREZENTACJ!Przedstawiona oferta ma charakter informacyjny, nie stanowi oferty handlowej w rozumieniu art. 66 1 Kodeksu Cywilnego.Opis i zdjcia objte s ochron praw autorskich, osobistych i majtkowych stanowic wasno przedsibiorstwa FUTURE w wietle prawa autorskiego ustawa z 4 lutego 1994 r. o prawie autorskim i prawach pokrewnych (Dz. U. 1994, nr 24 poz. 83 z pn. zm.)";wtrny;1;1;Elblg Robotnicza;45.67;-1;-1;-1;-1;-1;-1;-1;-1;True;-1;-1;-1;-1;684243;4;1150;-1;-1;-1;552755528|502071014;dorota.kruk@futurenieruchomosci.pl;futurenieruchomosci;-1;2022-05-09 23:22:28.279617
Dom (Bliniak);4000.00;Wynajem;-1;80;346;https://www.futurenieruchomosci.pl/nieruchomosci/dom-na-wynajem/elblag/339;24;['https://static.esticrm.pl/public/images/offers/673/5688153/40117566_max.jpg', 'https://static.esticrm.pl/public/images/offers/673/5688153/40117572_max.jpg', 'https://static.esticrm.pl/public/images/offers/673/5688153/40117575_max.jpg', 'https://static.esticrm.pl/public/images/offers/673/5688153/40117593_max.jpg', 'https://static.esticrm.pl/public/images/offers/673/5688153/40117584_max.jpg', 'https://static.esticrm.pl/public/images/offers/673/5688153/40117590_max.jpg', 'https://static.esticrm.pl/public/images/offers/673/5688153/40117578_max.jpg', 'https://static.esticrm.pl/public/images/offers/673/5688153/40117602_max.jpg', 'https://static.esticrm.pl/public/images/offers/673/5688153/40117605_max.jpg', 'https://static.esticrm.pl/public/images/offers/673/5688153/40117614_max.jpg', 'https://static.esticrm.pl/public/images/offers/673/5688153/40117620_max.jpg', 'https://static.esticrm.pl/public/images/offers/673/5688153/40117635_max.jpg', 'https://static.esticrm.pl/public/images/offers/673/5688153/40117638_max.jpg', 'https://static.esticrm.pl/public/images/offers/673/5688153/40117641_max.jpg', 'https://static.esticrm.pl/public/images/offers/673/5688153/40117647_max.jpg', 'https://static.esticrm.pl/public/images/offers/673/5688153/40117653_max.jpg', 'https://static.esticrm.pl/public/images/offers/673/5688153/40117662_max.jpg', 'https://static.esticrm.pl/public/images/offers/673/5688153/40117665_max.jpg', 'https://static.esticrm.pl/public/images/offers/673/5688153/40117668_max.jpg', 'https://static.esticrm.pl/public/images/offers/673/5688153/40117674_max.jpg', 'https://static.esticrm.pl/public/images/offers/673/5688153/40117677_max.jpg', 'https://static.esticrm.pl/public/images/offers/673/5688153/40117680_max.jpg', 'https://static.esticrm.pl/public/images/offers/673/5688153/40117560_max.jpg', 'https://static.esticrm.pl/public/images/offers/673/5688153/40117548_max.jpg'];https://static.esticrm.pl/public/images/offers/673/5688153/40117566_max.jpg;https://static.esticrm.pl/public/images/offers/673/5688153/40117566_max.jpg;DOM W SUPER LOKALIZACJICENA NAJMU: 4 000 zPOWIERZCHNIA CAKOWITA DOMU: 80 m2POWIERZCHNIA UYTKOWA DOMU: 66 m2POWIERZCHNIA DZIAKI: 346 m2NAJEM OKAZJONALNY LUB NA FIRMWyremontowany dom pooony w dobrze skomunikowej czci miasta.Podczas remontu zostay wymienione instalacja elektryczna, hydrauliczna.Dom utrzymany w jasnej kolorystyce z akcentami drewnianymi.Na parterze domu mieci si salon z jadalni oraz wyjciem na podwrko, kuchnia, przedpokj.Na pitrze domu znajduj si azienka z prysznicem oraz sypialnia i garderoba mogca rwnie peni funkcje dodatkowego pokoju.Dom docieplony 17 cm styropianem.Okna nowe 3 komorowe, 2 szybowe dziki czemu zapewniaj dodatkowy komfort cieplny oraz wyguszenie.Ogrzewanie z piecyka dwufunkcyjnego gazowego.Miejsce parkingowe wyoone kostk brukow.Wjazd na posesje bram otwieran na pilota.W pobliu sklepy, komunikacja miejska, szkoa, punkty handlowo-usugowe.Cena wynajmu 4000z +opaty za media wedug zuyciaJednorazowa kaucja zwrotn w wysokoci 10 000 zPrzy wynajmie naley uwzgldni jednorazowe wynagrodzenie dla biura nieruchomoci .ZAPRASZAMY NA PREZENTACJ!Przedstawiona oferta ma charakter informacyjny, nie stanowi oferty handlowej w rozumieniu art. 66 1 Kodeksu Cywilnego.Opis i zdjcia objte s ochron praw autorskich, osobistych i majtkowych stanowic wasno przedsibiorstwa FUTURE w wietle prawa autorskiego ustawa z 4 lutego 1994 r. o prawie autorskim i prawach pokrewnych (Dz. U. 1994, nr 24 poz. 83 z pn. zm.);wtrny;3;2;Elblg;50.00;-1;-1;-1;-1;-1;-1;-1;-1;-1;-1;-1;-1;-1;391916;-1;10;-1;-1;-1;552755528|502071014;dorota.kruk@futurenieruchomosci.pl;futurenieruchomosci;-1;2022-05-09 23:22:28.587897
Dom (Szeregowy);6000.00;Wynajem;-1;254;278;https://www.futurenieruchomosci.pl/nieruchomosci/dom-na-wynajem/elblag/338;44;['https://static.esticrm.pl/public/images/offers/673/5687211/40111872_max.jpg', 'https://static.esticrm.pl/public/images/offers/673/5687211/40111878_max.jpg', 'https://static.esticrm.pl/public/images/offers/673/5687211/40111881_max.jpg', 'https://static.esticrm.pl/public/images/offers/673/5687211/40111884_max.jpg', 'https://static.esticrm.pl/public/images/offers/673/5687211/40112343_max.jpg', 'https://static.esticrm.pl/public/images/offers/673/5687211/40112322_max.jpg', 'https://static.esticrm.pl/public/images/offers/673/5687211/40112319_max.jpg', 'https://static.esticrm.pl/public/images/offers/673/5687211/40112310_max.jpg', 'https://static.esticrm.pl/public/images/offers/673/5687211/40111854_max.jpg', 'https://static.esticrm.pl/public/images/offers/673/5687211/40111866_max.jpg', 'https://static.esticrm.pl/public/images/offers/673/5687211/40111848_max.jpg', 'https://static.esticrm.pl/public/images/offers/673/5687211/40111836_max.jpg', 'https://static.esticrm.pl/public/images/offers/673/5687211/40112016_max.jpg', 'https://static.esticrm.pl/public/images/offers/673/5687211/40111968_max.jpg', 'https://static.esticrm.pl/public/images/offers/673/5687211/40112058_max.jpg', 'https://static.esticrm.pl/public/images/offers/673/5687211/40112079_max.jpg', 'https://static.esticrm.pl/public/images/offers/673/5687211/40112001_max.jpg', 'https://static.esticrm.pl/public/images/offers/673/5687211/40112109_max.jpg', 'https://static.esticrm.pl/public/images/offers/673/5687211/40112154_max.jpg', 'https://static.esticrm.pl/public/images/offers/673/5687211/40111842_max.jpg', 'https://static.esticrm.pl/public/images/offers/673/5687211/40111890_max.jpg', 'https://static.esticrm.pl/public/images/offers/673/5687211/40111893_max.jpg', 'https://static.esticrm.pl/public/images/offers/673/5687211/40111899_max.jpg', 'https://static.esticrm.pl/public/images/offers/673/5687211/40111914_max.jpg', 'https://static.esticrm.pl/public/images/offers/673/5687211/40111938_max.jpg', 'https://static.esticrm.pl/public/images/offers/673/5687211/40111950_max.jpg', 'https://static.esticrm.pl/public/images/offers/673/5687211/40112082_max.jpg', 'https://static.esticrm.pl/public/images/offers/673/5687211/40112160_max.jpg', 'https://static.esticrm.pl/public/images/offers/673/5687211/40112166_max.jpg', 'https://static.esticrm.pl/public/images/offers/673/5687211/40112172_max.jpg', 'https://static.esticrm.pl/public/images/offers/673/5687211/40112220_max.jpg', 'https://static.esticrm.pl/public/images/offers/673/5687211/40112232_max.jpg', 'https://static.esticrm.pl/public/images/offers/673/5687211/40112244_max.jpg', 'https://static.esticrm.pl/public/images/offers/673/5687211/40112253_max.jpg', 'https://static.esticrm.pl/public/images/offers/673/5687211/40112277_max.jpg', 'https://static.esticrm.pl/public/images/offers/673/5687211/40112286_max.jpg', 'https://static.esticrm.pl/public/images/offers/673/5687211/40112292_max.jpg', 'https://static.esticrm.pl/public/images/offers/673/5687211/40112301_max.jpg', 'https://static.esticrm.pl/public/images/offers/673/5687211/40111830_max.jpg', 'https://static.esticrm.pl/public/images/offers/673/5687211/40111818_max.jpg', 'https://static.esticrm.pl/public/images/offers/673/5687211/40114845_max.jpg', 'https://static.esticrm.pl/public/images/offers/673/5687211/40114854_max.jpg', 'https://static.esticrm.pl/public/images/offers/673/5687211/40114860_max.jpg', 'https://static.esticrm.pl/public/images/offers/673/5687211/40114863_max.jpg'];https://static.esticrm.pl/public/images/offers/673/5687211/40111872_max.jpg;https://static.esticrm.pl/public/images/offers/673/5687211/40111872_max.jpg;"KOMFORTOWY DOM W PENI WYPOSAONY DLA WYMAGAJCEGO KLIENTACENA NAJMU: 6 000 z bruttoPOWIERZCHNIA UYTKOWA DOMU: 217 m2POWIERZCHNIA CAKOWITA DOMU: 254 m2POWIERZCHNIA DZIAKI: 278 m2NAJEM OKAZJONALNY LUB NA FIRMDom pooony w cichej i spokojnej okolicy domkw jednorodzinnych na osiedlu ""Bielany"" w ustronnym miejscu z dala od zgieku miasta. W pobliu jest las co zapewnia dodatkowy komfort.W domu pozostaje pene umeblowanie widoczne na zdjciach.Budynek czterokondygnacyjny:I kondygnacja:-gara, -kotownia, -pralnia-kuchnia robocza.II kondygnacja z wejciem do domu:- salonu- kuchni- maego pokoju-WC.W salonie jest klimatyczny kominek , jedna ze cian wyoona jest cegiek dekoracyjn meble widoczne na zdjciach gustownie dopasowane do caoci. Kuchnia ze sprztem AGD .May pokj pooony na parterze moe peni funkcj biurow. Na kolejn kondygnacj prowadz schody drewnianeNastpnie schodami wchodzimy na III kondygnacj skadajc si z: 2 sypialnie i garderoba, azienka penica funkcj salonu kpielowego z wann.Na IV kondygnacji jest :-azienk z saun i prysznicem -pokj rekreacyjny-sypialnia.Dom wykoczony ze szczegln starannoci na co mog wskazywa rzebione, drewniane drzwi wewntrzne.Dom zadbany, czysty gotowy do zamieszkania.Dom ogrzewany jest przez piec dwufunkcyjny gazowy.Zadbany ogrd wyoony czciowo kostk brukow z grillem, wdzarni oraz leakami umili spdzanie czasu.Z ogrodu poprzez oraneri jest dodatkowe wejcie do domuCena najmu 6000z + opaty za media w wysokoci ok.1000z miesicznie.Kaucja gwaryncyjna w wysokoci 10.000zDodatkowo przy wynajmie naley uwzgldni jednorazowe wynagrodzenie dla biura nieruchomoci .ZAPRASZAMY NA PREZENTACJ!Przedstawiona oferta ma charakter informacyjny, nie stanowi oferty handlowej w rozumieniu art. 66 1 Kodeksu Cywilnego.Opis i zdjcia objte s ochron praw autorskich, osobistych i majtkowych stanowic wasno przedsibiorstwa FUTURE w wietle prawa autorskiego ustawa z 4 lutego 1994 r. o prawie autorskim i prawach pokrewnych (Dz. U. 1994, nr 24 poz. 83 z pn. zm.)";wtrny;7;3;Elblg Tadeusza Boya-eleskiego;23.62;-1;-1;-1;True;-1;-1;-1;-1;True;-1;-1;-1;-1;179109;-1;10000;-1;-1;-1;552755528|502071014;dorota.kruk@futurenieruchomosci.pl;futurenieruchomosci;-1;2022-05-09 23:22:29.906453
Mieszkanie;315000.00;Sprzeda;-1;47,83;-1;https://www.futurenieruchomosci.pl/nieruchomosci/mieszkanie-na-sprzedaz/elblag/337;16;['https://static.esticrm.pl/public/images/offers/673/5615613/39781371_max.jpg', 'https://static.esticrm.pl/public/images/offers/673/5615613/39818574_max.jpg', 'https://static.esticrm.pl/public/images/offers/673/5615613/39818577_max.jpg', 'https://static.esticrm.pl/public/images/offers/673/5615613/39781302_max.jpg', 'https://static.esticrm.pl/public/images/offers/673/5615613/39818583_max.jpg', 'https://static.esticrm.pl/public/images/offers/673/5615613/39818586_max.jpg', 'https://static.esticrm.pl/public/images/offers/673/5615613/39781341_max.jpg', 'https://static.esticrm.pl/public/images/offers/673/5615613/39818601_max.jpg', 'https://static.esticrm.pl/public/images/offers/673/5615613/39781347_max.jpg', 'https://static.esticrm.pl/public/images/offers/673/5615613/39818598_max.jpg', 'https://static.esticrm.pl/public/images/offers/673/5615613/39818592_max.jpg', 'https://static.esticrm.pl/public/images/offers/673/5615613/39818589_max.jpg', 'https://static.esticrm.pl/public/images/offers/673/5615613/39818565_max.jpg', 'https://static.esticrm.pl/public/images/offers/673/5615613/39818568_max.jpg', 'https://static.esticrm.pl/public/images/offers/673/5615613/39781362_max.jpg', 'https://static.esticrm.pl/public/images/offers/673/5615613/39818613_max.jpg'];https://static.esticrm.pl/public/images/offers/673/5615613/39781371_max.jpg;https://static.esticrm.pl/public/images/offers/673/5615613/39781371_max.jpg;PRZESTRONNE MIESZKANIE W CENTRUM!CENA: 315 000 zPOWIERZCHNIA: 47,83 m22 POKOJEII PITROWSZYSTKIE MEDIA Z MIASTAPrzedstawiamy Pastwu przestronne, dwupokojowe mieszkanie zlokalizowane na drugim pitrze trzypitrowego budynku.Budynek pooony przy ul. TrybunalskiejW klatce mieszkaj tylko cztery rodzin.Na kadym pitrze jedna rodzinaStolarka okienna PCV z wystaw pnocno-poudniow.azienka po generalnym remoncie w 2018 r. wymieniona instalacja hydrauliczna,nowe kafle na pododze i cianach oraz armatura azienkowa.W kuchni glazura ,terakota .W pokojach na podogach paneleNa przedpokoju na pododze panele.Wymienione drzwi wewntrzne i zewntrzne.W cenie pozostaj meble kuchenne,meble na przedpokoju oraz meble widoczne na zdjciu oprcz ka w pokoju .W azience pozostaje pralka.Czynsz wynosi 378,81 zDo mieszkania przynaley pomieszczenie piwniczne o pow. 6,8 m2.Mieszkanie czyste,ciepe ,soneczne , dobrze doswietloneZ tyu budynku jest parking dla mieszkacw,W pobliu mieci si wiele punktw handlowo-usugowych, szkoy, Urzd Miasta.Mieszkanie do natychmiastowego wydania,wolne od osb w nim zamieszkaych co na pewno uatwia szybk transakcj.Klucze w biurze zapraszamy na prezentacj.Przy zakupie nieruchomoci naley uwzgldni koszty notarialne i wynagrodzenie dla biura nieruchomoci 1,23 %brutto.Oferujemy skuteczn pomoc w otrzymaniu kredytu.ZAPRASZAMY NA PREZENTACJ!Przedstawiona oferta ma charakter informacyjny, nie stanowi oferty handlowej w rozumieniu art. 66 1 Kodeksu Cywilnego.Opis i zdjcia objte s ochron praw autorskich, osobistych i majtkowych stanowic wasno przedsibiorstwa FUTURE w wietle prawa autorskiego ustawa z 4 lutego 1994 r. o prawie autorskim i prawach pokrewnych (Dz. U. 1994, nr 24 poz. 83 z p;wtrny;2;2;Elblg Trybunalska;6585.82;-1;-1;1960;-1;-1;-1;-1;True;True;-1;-1;-1;-1;584009;3;-1;-1;-1;-1;552755528|502071014;dorota.kruk@futurenieruchomosci.pl;futurenieruchomosci;-1;2022-05-09 23:22:30.189711
Dom (Wolnostojcy);960000.00;Sprzeda;-1;234,25;1007,93;https://www.futurenieruchomosci.pl/nieruchomosci/dom-na-sprzedaz/sztutowo/336;27;['https://static.esticrm.pl/public/images/offers/673/5437785/38809782_max.jpg', 'https://static.esticrm.pl/public/images/offers/673/5437785/38809728_max.jpg', 'https://static.esticrm.pl/public/images/offers/673/5437785/38809710_max.jpg', 'https://static.esticrm.pl/public/images/offers/673/5437785/38809719_max.jpg', 'https://static.esticrm.pl/public/images/offers/673/5437785/38822859_max.jpg', 'https://static.esticrm.pl/public/images/offers/673/5437785/38822490_max.jpg', 'https://static.esticrm.pl/public/images/offers/673/5437785/38822160_max.jpg', 'https://static.esticrm.pl/public/images/offers/673/5437785/38822508_max.jpg', 'https://static.esticrm.pl/public/images/offers/673/5437785/38822181_max.jpg', 'https://static.esticrm.pl/public/images/offers/673/5437785/38809584_max.jpg', 'https://static.esticrm.pl/public/images/offers/673/5437785/38809587_max.jpg', 'https://static.esticrm.pl/public/images/offers/673/5437785/38809611_max.jpg', 'https://static.esticrm.pl/public/images/offers/673/5437785/38809632_max.jpg', 'https://static.esticrm.pl/public/images/offers/673/5437785/38809635_max.jpg', 'https://static.esticrm.pl/public/images/offers/673/5437785/38822514_max.jpg', 'https://static.esticrm.pl/public/images/offers/673/5437785/38822511_max.jpg', 'https://static.esticrm.pl/public/images/offers/673/5437785/38822529_max.jpg', 'https://static.esticrm.pl/public/images/offers/673/5437785/38809641_max.jpg', 'https://static.esticrm.pl/public/images/offers/673/5437785/38809647_max.jpg', 'https://static.esticrm.pl/public/images/offers/673/5437785/38809653_max.jpg', 'https://static.esticrm.pl/public/images/offers/673/5437785/38809656_max.jpg', 'https://static.esticrm.pl/public/images/offers/673/5437785/38809677_max.jpg', 'https://static.esticrm.pl/public/images/offers/673/5437785/38809668_max.jpg', 'https://static.esticrm.pl/public/images/offers/673/5437785/38809689_max.jpg', 'https://static.esticrm.pl/public/images/offers/673/5437785/38822910_max.jpg', 'https://static.esticrm.pl/public/images/offers/673/5437785/38868294_max.jpg', 'https://static.esticrm.pl/public/images/offers/673/5437785/38870757_max.jpg'];https://static.esticrm.pl/public/images/offers/673/5437785/38809782_max.jpg;https://static.esticrm.pl/public/images/offers/673/5437785/38809782_max.jpg;DOM WOLNOSTOJCY Z POKOJAMI POD WYNAJM DLA TURYSTWPOWIERZCHNIA CAKOWITA 234,25mPOWIERZCHNIA UYTKOWA189,88mPOWIERZCHNIA DZIAKI 1007,93mGARA TYPU BLASZAKPAWILON HANDLOWYM WIATACENA 960.000 zCENA DO NEGOCJACJIPolecamy Pastwu do sprzeday dom wolnostojcy idealny pod inwestycj ,do wynajmu w okresie letnim dla turystw jako mini pensjonat.D domu jest zagospodarowany jako mieszkanie wacicieli z osobnym wejciemPowierzchnia dou 108,38m skada si z salonu z aneksem kuchennym, sypialni, biura, holu, azienki, pomieszczenia gospodarczego, WC ,kotowni.Mieszkanie jest w peni wykoczone gotowe do wprowadzenia si.Ogrzewanie podogowe w kuchni, przedpokoju ,w azience. Okna PCV ,na podogach terakota ,w salonie i sypialni panele ,nowe drzwi wewntrzne i zewntrzne.W cenie pozostaje zabudowa kuchni ze sprztem AGD ( kuchenka ,zmywarka ,okap ) i szafy w staej zabudowieOsobne wejcie jest do pokoi przeznaczonych do wynajmu dla turystw. Ta cz budynku jest w stanie deweloperskimI POZIOM3pokoje z azienkami, hol ,kuchnia, klatka schodowa.Hol jest z wyjciem na taras 40m Okna PCV,Drzwi wewntrzne nowe przygotowane do wstawienia w stanie deweloperskim .II POZIM2 apartamenty dwu pokojowe z azienkami i balkonami Jeden wstanie deweloperskim pozostay do wymiany okna i zrobienie balustrady balkonowej.Drugi gotowy do wynajmu ma wymienione okan PCV ,panele na podogach ,ciany gadzie tynkowe .Budynek ma mur 44cm .,wymaga pomalowania.Na dachu jest zainstalowanafotowoltaika mocy 6,75kWp nowa instalacja podczona od 05.01.2022 na starych zasadach.Na przyczu wodnym zainstalowane filtry wodne .Kanalizacja i woda z sieci miejskiejNa podwrku jest wiata i gara typu blaszak.Podwrko jest czciowo utwardzone pytami aurowymi.W kotowni piec na eko groszek firmy Gom-Met 2 letni.Bojler na wod 300 litrw.Koszty ogrzewania 2000z okres zimowy ,50z okres letniPodatek od nieruchomoci i gruntw kwartalny 231zOferta godna polecenia dla ludzi przedsibiorczych majcych pomys na biznes.Blisko przekopu Mierzei Wilanej stwarza dodatkowe moliwoci dla tej inwestycjiDue moliwoci aranzacyjne i rozbudowy budynkuCicha spokojna okolica ,blisko lasu i morza to najwiksze atuty tej nieruchomoci. Przy zakupie nieruchomoci naley uwzgldni koszty notarialne i wynagrodzenie dla biura nieruchomoci 1,23 %brutto.Oferujemy skuteczn pomoc w otrzymaniu kredytu.ZAPRASZAMY NA PREZENTACJ!Przedstawiona oferta ma charakter informacyjny, nie stanowi oferty handlowej w rozumieniu art. 66 1 Kodeksu Cywilnego.Opis i zdjcia objte s ochron praw autorskich, osobistych i majtkowych stanowic wasno przedsibiorstwa FUTURE w wietle prawa autorskiego ustawa z 4 lutego 1994 r. o prawie autorskim i prawach pokrewnych (Dz. U. 1994, nr 24 poz. 83 z p;wtrny;9;2;Sztutowo;4098.19;-1;-1;1990;True;-1;-1;-1;-1;-1;-1;-1;-1;-1;347790;-1;-1;-1;-1;-1;552755528|502071014;dorota.kruk@futurenieruchomosci.pl;futurenieruchomosci;-1;2022-05-09 23:22:30.484983
