Lokal handlowy/us³ugowy;350000.00;Sprzeda¿;-1;96,74;-1;https://www.futurenieruchomosci.pl/nieruchomosci/lokal-obiekt-komercyjny-na-sprzedaz/elblag/18;5;['https://static.esticrm.pl/public/images/offers/673/511283/34436265_max.jpg', 'https://static.esticrm.pl/public/images/offers/673/511283/34436217_max.jpg', 'https://static.esticrm.pl/public/images/offers/673/511283/34436205_max.jpg', 'https://static.esticrm.pl/public/images/offers/673/511283/34436196_max.jpg', 'https://static.esticrm.pl/public/images/offers/673/511283/5358811_max.jpg'];https://static.esticrm.pl/public/images/offers/673/511283/34436265_max.jpg;https://static.esticrm.pl/public/images/offers/673/511283/34436265_max.jpg;"LOKAL US£UGOWY NA ELBL¥SKIEJ STARÓWCE! ULICA WIGILIJNACENA: 350 000 z³ POWIERZCHNIA: 96,74 m2POZIOM: -1 STAN DEWELOPERSKIDLA ZDECYDOWANEGO KLIENTA MO¯LIWOŒÆ NEGOCJACJI CENY!!!!!!!!!!!MO¯LIWOŒÆ PO£¥CZENIA Z LOKALEM  O POWIERZCHNI 95,16 m2 NA  POZIOME PARTERU W trakcie budowy zosta³y wykorzystane ponadstandardowe rozwi¹zania tj. izolacja termiczna i akustyczna budynku (gruboœæ styropianu 18 cm).W inwestycji zastosowana zosta³a :Instalacja: telefoniczna, telewizyjna, elektryczna oraz 380V (pod kuchenkê elektryczn¹)Indywidualne liczniki wody (ciep³a, ,zimna)Indywidualne liczniki ciep³aSchody wewnêtrzne -wylane w betoniePresti¿owa lokalizacja.Serdecznie zapraszamy do kontaktu i na prezentacjê.Przy zakupie nieruchomoœci nale¿y uwzglêdniæ koszty notarialne oraz wynagrodzenie dla biura nieruchomoœci 1,23%Oferujemy skuteczn¹ pomoc w otrzymaniu kredytu.
ZAPRASZAMY NA PREZENTACJÊ!Przedstawiona oferta ma charakter informacyjny, nie stanowi oferty handlowej w rozumieniu art. 66 §1 Kodeksu Cywilnego.Opis i zdjêcia objête s¹ ochron¹ praw autorskich, osobistych i maj¹tkowych stanowi¹c w³asnoœæ w œwietle prawa autorskiego ustawa z 4 lutego 1994 r. o prawie autorskim i prawach pokrewnych (Dz. U. 1994, nr 24 poz. 83 z póŸn. zm.) ";pierwotny;1;0;Elbl¹g Wigilijna;3617.95;-1;-1;-1;-1;-1;-1;-1;-1;-1;-1;-1;-1;-1;454349;4;-1;-1;-1;-1;552755528|502071014;dorota.kruk@futurenieruchomosci.pl;futurenieruchomosci;-1;2022-05-09 19:56:14.184425
Lokal handlowy/us³ugowy;666120.00;Sprzeda¿;-1;95,16;-1;https://www.futurenieruchomosci.pl/nieruchomosci/lokal-obiekt-komercyjny-na-sprzedaz/elblag/19;8;['https://static.esticrm.pl/public/images/offers/673/511291/34436052_max.jpg', 'https://static.esticrm.pl/public/images/offers/673/511291/34436058_max.jpg', 'https://static.esticrm.pl/public/images/offers/673/511291/34436067_max.jpg', 'https://static.esticrm.pl/public/images/offers/673/511291/34436070_max.jpg', 'https://static.esticrm.pl/public/images/offers/673/511291/34436061_max.jpg', 'https://static.esticrm.pl/public/images/offers/673/511291/34436076_max.jpg', 'https://static.esticrm.pl/public/images/offers/673/511291/34436040_max.jpg', 'https://static.esticrm.pl/public/images/offers/673/511291/5358820_max.jpg'];https://static.esticrm.pl/public/images/offers/673/511291/34436052_max.jpg;https://static.esticrm.pl/public/images/offers/673/511291/34436052_max.jpg;LOKAL US£UGOWY  NA ELBL¥SKIEJ STARÓWCEULICA WIGILIJNACENA: 666 120 z³POWIERZCHNIA: 95,16 m2POZIOM: 0STAN DEWELOPERSKIISTNIEJE MO¯LIWOŒC PO£¥CZENIA Z LOKALEM NA POZIOMIE -1Ju¿ dziœ zainwestuj w przysz³oœæ i zostañ w³aœcicielem lokalu w stanie deweloperskim w presti¿owej lokalizacji.W trakcie budowy zosta³y wykorzystane ponadstandardowe rozwi¹zania tj. izolacja termiczna i akustyczna budynku (gruboœæ styropianu 18 cm).W inwestycji zastosowana zosta³a:Stolarka okienna - aluminiowa w kolorze antracytu(szyby podwójne)Instalacja: telefoniczna, telewizyjna, elektryczna oraz 380V (pod kuchenkê elektryczn¹)Indywidualne liczniki wody (ciep³a,zimna)Indywidualne liczniki ciep³aSchody wewnêtrzne -wylane w betonieLokal nadaje siê zarówno pod dzia³alnoœæ biurowa jak i gastronomiczn¹,Urz¹dŸ siê po swojemu lub zainwestuj z myœl¹ o wynajmie.Zapraszamy  na prezentacjê.Przy zakupie nieruchomoœci nale¿y uwzglêdniæ koszty notarialne oraz wynagrodzenie dla biura nieruchomoœci 1,23 %Oferujemy skuteczn¹ pomoc w otrzymaniu kredytu.ZAPRASZAMY NA PREZENTACJÊ!Przedstawiona oferta ma charakter informacyjny, nie stanowi oferty handlowej w rozumieniu art. 66 §1 Kodeksu Cywilnego.Opis i zdjêcia objête s¹ ochron¹ praw autorskich, osobistych i maj¹tkowych stanowi¹c w³asnoœæ przedsiêbiorstwa FUTURE w œwietle prawa autorskiego ustawa z 4 lutego 1994 r. o prawie autorskim i prawach pokrewnych (Dz. U. 1994, nr 24 poz. 83 z póŸn. zm.) ;pierwotny;1;0;Elbl¹g Wigilijna;7000.00;-1;-1;-1;-1;-1;-1;-1;-1;-1;-1;-1;-1;-1;838351;4;-1;-1;-1;-1;552755528|502071014;dorota.kruk@futurenieruchomosci.pl;futurenieruchomosci;-1;2022-05-09 19:56:14.508718
Lokal handlowy/us³ugowy;758540.00;Sprzeda¿;-1;189,32;-1;https://www.futurenieruchomosci.pl/nieruchomosci/lokal-obiekt-komercyjny-na-sprzedaz/elblag/20;6;['https://static.esticrm.pl/public/images/offers/673/511295/2951632_max.jpg', 'https://static.esticrm.pl/public/images/offers/673/511295/2951568_max.jpg', 'https://static.esticrm.pl/public/images/offers/673/511295/2951561_max.jpg', 'https://static.esticrm.pl/public/images/offers/673/511295/2951572_max.jpg', 'https://static.esticrm.pl/public/images/offers/673/511295/2951569_max.jpg', 'https://static.esticrm.pl/public/images/offers/673/511295/5358844_max.jpg'];https://static.esticrm.pl/public/images/offers/673/511295/2951632_max.jpg;https://static.esticrm.pl/public/images/offers/673/511295/2951632_max.jpg;LOKAL US£UGOWY ZLOKALIZOWANY W SAMYM SERCU ELBL¥GA! ULICA WIGILIJNACENA: 758 540 z³POWIERZCHNIA: 189,32 m2POZIOM: 0/-1LOKAL DWUPOZIOMOWY W trakcie budowy zosta³y wykorzystane ponadstandardowe rozwi¹zania tj. izolacja termiczna i akustyczna budynku (gruboœæ styropianu 18 cm).W inwestycji zastosowana zosta³a:Stolarka okienna - aluminiowa w kolorze antracytu(szyby podwójne)drzwi wewnêtrzne oraz oœcie¿nice - brakInstalacja: telefoniczna, telewizyjna, elektryczna oraz 380V (pod kuchenkê elektryczn¹)Armatura sanitarna i kuchenna - brakIndywidualne liczniki wody (ciep³a,zimna)Indywidualne liczniki ciep³aSchody wewnêtrzne -wylane w betonieWejœcie z przedpro¿a i z ty³u budynku.Oferujemy skuteczn¹ pomoc w otrzymaniu kredytu.ZAPRASZAMY NA PREZENTACJÊ!Przedstawiona oferta ma charakter informacyjny, nie stanowi oferty handlowej w rozumieniu art. 66 §1 Kodeksu Cywilnego.Opis i zdjêcia objête s¹ ochron¹ praw autorskich, osobistych i maj¹tkowych stanowi¹c w³asnoœæ przedsiêbiorstwa FUTURE w œwietle prawa autorskiego ustawa z 4 lutego 1994 r. o prawie autorskim i prawach pokrewnych (Dz. U. 1994, nr 24 poz. 83 z póŸn. zm.) ;pierwotny;-1;0;Elbl¹g Wigilijna;4006.66;-1;-1;-1;-1;-1;-1;-1;-1;-1;-1;-1;-1;-1;278990;4;-1;-1;-1;-1;552755528|502071014;dorota.kruk@futurenieruchomosci.pl;futurenieruchomosci;-1;2022-05-09 19:56:14.949118
Lokal handlowy/us³ugowy;767560.00;Sprzeda¿;-1;184,29;-1;https://www.futurenieruchomosci.pl/nieruchomosci/lokal-obiekt-komercyjny-na-sprzedaz/elblag/21;5;['https://static.esticrm.pl/public/images/offers/673/511310/2951708_max.jpg', 'https://static.esticrm.pl/public/images/offers/673/511310/2951701_max.jpg', 'https://static.esticrm.pl/public/images/offers/673/511310/2951714_max.jpg', 'https://static.esticrm.pl/public/images/offers/673/511310/2951725_max.jpg', 'https://static.esticrm.pl/public/images/offers/673/511310/5358847_max.jpg'];https://static.esticrm.pl/public/images/offers/673/511310/2951708_max.jpg;https://static.esticrm.pl/public/images/offers/673/511310/2951708_max.jpg;LOKAL US£UGOWY ZLOKALIZOWANY W SAMYM SERCU ELBL¥GA! ULICA WIGILIJNACENA: 767 560 z³POWIERZCHNIA: 184,29 m2POZIOM: 0/-1LOKAL DWUPOZIOMOWY W trakcie budowy zosta³y wykorzystane ponadstandardowe rozwi¹zania tj. izolacja termiczna i akustyczna budynku (gruboœæ styropianu 18 cm).W inwestycji zastosowana zosta³a:stolarka okienna - aluminiowa w kolorze antracytu(szyby podwójne)drzwi wewnêtrzne oraz oœcie¿nice - brakInstalacja: telefoniczna, telewizyjna, elektryczna oraz 380V (pod kuchenkê elektryczn¹)Armatura sanitarna i kuchenna - brakIndywidualne liczniki wody (ciep³a,zimna)Indywidualne liczniki ciep³aSchody wewnêtrzne -wylane w betonieWejœcie z przedpro¿a i z ty³u budynku.Oferujemy skuteczn¹ pomoc w otrzymaniu kredytu.ZAPRASZAMY NA PREZENTACJÊ!Przedstawiona oferta ma charakter informacyjny, nie stanowi oferty handlowej w rozumieniu art. 66 §1 Kodeksu Cywilnego.Opis i zdjêcia objête s¹ ochron¹ praw autorskich, osobistych i maj¹tkowych stanowi¹c w³asnoœæ przedsiêbiorstwa FUTURE w œwietle prawa autorskiego ustawa z 4 lutego 1994 r. o prawie autorskim i prawach pokrewnych (Dz. U. 1994, nr 24 poz. 83 z póŸn. zm.) ;pierwotny;-1;0;Elbl¹g Wigilijna;4164.96;-1;-1;-1;-1;-1;-1;-1;-1;-1;-1;-1;-1;-1;246632;4;-1;-1;-1;-1;552755528|502071014;dorota.kruk@futurenieruchomosci.pl;futurenieruchomosci;-1;2022-05-09 19:56:15.250391
Dom (Wolnostoj¹cy);479000.00;Sprzeda¿;-1;208,28;203511;https://www.futurenieruchomosci.pl/nieruchomosci/dom-na-sprzedaz/gronowo/190;18;['https://static.esticrm.pl/public/images/offers/673/2411050/15404971_max.jpg', 'https://static.esticrm.pl/public/images/offers/673/2411050/15405010_max.jpg', 'https://static.esticrm.pl/public/images/offers/673/2411050/15405007_max.jpg', 'https://static.esticrm.pl/public/images/offers/673/2411050/15405016_max.jpg', 'https://static.esticrm.pl/public/images/offers/673/2411050/15404791_max.jpg', 'https://static.esticrm.pl/public/images/offers/673/2411050/15404815_max.jpg', 'https://static.esticrm.pl/public/images/offers/673/2411050/15404827_max.jpg', 'https://static.esticrm.pl/public/images/offers/673/2411050/15404830_max.jpg', 'https://static.esticrm.pl/public/images/offers/673/2411050/15404833_max.jpg', 'https://static.esticrm.pl/public/images/offers/673/2411050/15404899_max.jpg', 'https://static.esticrm.pl/public/images/offers/673/2411050/15404902_max.jpg', 'https://static.esticrm.pl/public/images/offers/673/2411050/15404860_max.jpg', 'https://static.esticrm.pl/public/images/offers/673/2411050/15404863_max.jpg', 'https://static.esticrm.pl/public/images/offers/673/2411050/15404893_max.jpg', 'https://static.esticrm.pl/public/images/offers/673/2411050/15404896_max.jpg', 'https://static.esticrm.pl/public/images/offers/673/2411050/15404911_max.jpg', 'https://static.esticrm.pl/public/images/offers/673/2411050/15405019_max.jpg', 'https://static.esticrm.pl/public/images/offers/673/2411050/18489610_max.jpg'];https://static.esticrm.pl/public/images/offers/673/2411050/15404971_max.jpg;https://static.esticrm.pl/public/images/offers/673/2411050/15404971_max.jpg;"DOM WOLNO STOJ¥CY BLISKO BRANIEWA Z DU¯¥ DZIA£K¥ POWIERZCHNIA CA£KOWITA 208,28m2POWIERZCHNIA U¯YTKOWA 172,42 m2CENA 479.000z³ - DO NEGOCJACJIPOWIERZCHNIA DZIA£KI 20 3511m2OGRZEWANIE I CIEP£A WODA NA POMPÊ CIEP£ADOM DO W£ASNEJ ARAN¯ACJI Je¿eli szukasz domu po³o¿onego w cichym i spokojnym miejscu, blisko Braniewa to ta nieruchomoœæ jest idealna dla Ciebie!
Wewn¹trz  parter stan surowy Poddasze ocieplone i ob³o¿one p³ytami karton-gips. Zrobiona: instalacja C.O. (pod³ogowa), pompa ciep³a, instalacja wodna, instalacja elektryczna.Dach : dachówka ceramiczna w kolorze ceglastym. Elewacja: Styropian 15cm, tynk strukturalny, mozaika ¿ywiczna 3mmokna: stolarka aluminiowa, aluminium ciep³e, szyby 3szt.; kolor okien zewnêtrznych mahoñ, wewnêtrznych bia³y. Brama gara¿owa segmentowa w kolorze mahoñ.Rozk³ad:Piwnica- 31.15m2:

Pomieszczenie gospodarcze - 14,26m2 
pomieszczenie gospodarcze z wêz³em C.O. - 11,17m2 ( pompa ciep³a)
przedsionek - 5,72m2

Parter - 90,27m2:

wiatro³ap - 5,10m2
spi¿arnia - 2,09m2
kuchnia - 8,14m2
salon - 24,38m2
³azienka - 5,42m2
pomieszczenie gospodarcze - 6,56m2
hol - 5,28m2
schody - 3,17m2
pokój - 8,62m2
gara¿ - 21,02m2

Poddasze - 51m2 (68,16m2)

hol - 6,24m2
pokój - 10,47m2 (14,19m2)
pokój - 13,27m2 (16,74m2)
pokój - 14,01m2 (18,95m2)
³azienka - 2,73m2 (4,62m2)
³azienka 4,26m2 (7,42m2)

Elementy zewnêtrzne - 33,01m2:

taras - 20,62m2
balkon - 3,87m2
podest schodów - 8,47m2

 
Szukasz NOWEJ nieruchomoœci, a jeszcze nie sprzeda³eœ starej? Mo¿emy Ci w tym szybko i sprawnie pomóc! Zapytaj doradcê albo wejdŸ na stronê: Future NieruchomoœciPrzy zakupie nieruchomoœci nale¿y uwzglêdniæ koszty notarialne oraz wynagrodzenie dla biura nieruchomoœci  w  wysokoœci 1%  bruttoOferujemy skuteczn¹ pomoc w otrzymaniu kredytu.ZAPRASZAMY NA PREZENTACJÊ!Przedstawiona oferta ma charakter informacyjny, nie stanowi oferty handlowej w rozumieniu art. 66 §1 Kodeksu Cywilnego.Opis i zdjêcia objête s¹ ochron¹ praw autorskich, osobistych i maj¹tkowych stanowi¹c w³asnoœæ w œwietle prawa autorskiego   ustawa z 4 lutego 1994 r. o prawie autorskim i prawach pokrewnych (Dz. U. 1994, nr 24 poz. 83 z póŸn. zm.) ";pierwotny;5;1;Gronowo;2299.79;-1;-1;2018;True;-1;-1;-1;True;-1;-1;-1;-1;-1;944924;-1;-1;-1;-1;-1;552755528|502071014;dorota.kruk@futurenieruchomosci.pl;futurenieruchomosci;-1;2022-05-09 19:56:15.592704
Mieszkanie;185000.00;Sprzeda¿;-1;61,24;-1;https://www.futurenieruchomosci.pl/nieruchomosci/mieszkanie-na-sprzedaz/dworki/350;14;['https://static.esticrm.pl/public/images/offers/673/5909715/42132384_max.jpg', 'https://static.esticrm.pl/public/images/offers/673/5909715/42132387_max.jpg', 'https://static.esticrm.pl/public/images/offers/673/5909715/42132393_max.jpg', 'https://static.esticrm.pl/public/images/offers/673/5909715/42132390_max.jpg', 'https://static.esticrm.pl/public/images/offers/673/5909715/42125910_max.jpg', 'https://static.esticrm.pl/public/images/offers/673/5909715/42125916_max.jpg', 'https://static.esticrm.pl/public/images/offers/673/5909715/42125922_max.jpg', 'https://static.esticrm.pl/public/images/offers/673/5909715/42125934_max.jpg', 'https://static.esticrm.pl/public/images/offers/673/5909715/42126003_max.jpg', 'https://static.esticrm.pl/public/images/offers/673/5909715/42125895_max.jpg', 'https://static.esticrm.pl/public/images/offers/673/5909715/42125997_max.jpg', 'https://static.esticrm.pl/public/images/offers/673/5909715/42126009_max.jpg', 'https://static.esticrm.pl/public/images/offers/673/5909715/42126006_max.jpg', 'https://static.esticrm.pl/public/images/offers/673/5909715/42573438_max.jpg'];https://static.esticrm.pl/public/images/offers/673/5909715/42132384_max.jpg;https://static.esticrm.pl/public/images/offers/673/5909715/42132384_max.jpg;MIESZKANIE W SPOKOJNEJ OKOLICY GMINA GRONOWO ELBL¥SKIECENA: 185.000 z³ MO¯LIWOŒÆ NEGOCJACJI CENYPOWIERZCHNIA MIESZKANIA 61,24m2DWIE DZIA£KI O £¥CZNEJ POWIERZCHNI 758 m2Mieszkanie przesz³o generalny remont .W cenie mieszkania pozostaje zabudowa kuchni i szafa na przedpokoju oraz sprzêty AGD( lodówka, p³yta gazowa, pralka)Do mieszkania przynale¿y piwnica i komórka na opa³Budynek zamieszkuj¹ tylko trzy rodziny. W mieszkaniu zosta³a wymieniona stolarka okienna i drzwiowa.Wymieniono instalacje elektryczn¹, hydrauliczn¹.W kuchni i ³azience glazura, terakota.W pokojach na pod³ogach panele, na œcianach g³adzie.W mieszkaniu rozprowadzone nowe grzejniki.Piec na wêgiel i drzewo.Do mieszkania przynale¿¹ dwie dzia³ki o ³¹cznej powierzchni 758 m   mo¿na tam postawiæ gara¿ i zagospodarowaæ teren na ogród pod rekreacjê.Koszty miesiêczne na 4 osoby: 94z³  wywóz œmieci, 50z³ woda,30z³ na 3miesi¹ce opró¿nienie szamba .Podatek od nieruchomoœci i gruntów 320z³ op³ata roczna.Mieszkanie daje alternatywê dla domku jednorodzinnego poza miastemPrzy zakupie nieruchomoœci nale¿y uwzglêdniæ koszty notarialne oraz wynagrodzenie dla biura nieruchomoœci 1.23 %Oferujemy skuteczn¹ pomoc w otrzymaniu kredytu.ZAPRASZAMY NA PREZENTACJÊ!Przedstawiona oferta ma charakter informacyjny, nie stanowi oferty handlowej w rozumieniu art. 66 §1 Kodeksu Cywilnego.Opis i zdjêcia objête s¹ ochron¹ praw autorskich, osobistych i maj¹tkowych stanowi¹c w³asnoœæ przedsiêbiorstwa FUTURE w œwietle prawa autorskiego ustawa z 4 lutego 1994 r. o prawie autorskim i prawach pokrewnych (Dz. U. 1994, nr 24 poz. 83 z póŸn.zm.);wtórny;3;0;Dworki;3020.90;-1;-1;-1;-1;-1;-1;-1;True;-1;-1;-1;-1;-1;855444;1;-1;-1;-1;-1;552755528|502071014;dorota.kruk@futurenieruchomosci.pl;futurenieruchomosci;-1;2022-05-09 19:56:16.816818
Dom (BliŸniak);685000.00;Sprzeda¿;-1;80;346;https://www.futurenieruchomosci.pl/nieruchomosci/dom-na-sprzedaz/elblag/349;27;['https://static.esticrm.pl/public/images/offers/673/5902941/42058887_max.jpg', 'https://static.esticrm.pl/public/images/offers/673/5902941/42058884_max.jpg', 'https://static.esticrm.pl/public/images/offers/673/5902941/42058881_max.jpg', 'https://static.esticrm.pl/public/images/offers/673/5902941/42058875_max.jpg', 'https://static.esticrm.pl/public/images/offers/673/5902941/42058890_max.jpg', 'https://static.esticrm.pl/public/images/offers/673/5902941/42058863_max.jpg', 'https://static.esticrm.pl/public/images/offers/673/5902941/42058878_max.jpg', 'https://static.esticrm.pl/public/images/offers/673/5902941/42058854_max.jpg', 'https://static.esticrm.pl/public/images/offers/673/5902941/42058860_max.jpg', 'https://static.esticrm.pl/public/images/offers/673/5902941/42058893_max.jpg', 'https://static.esticrm.pl/public/images/offers/673/5902941/42058896_max.jpg', 'https://static.esticrm.pl/public/images/offers/673/5902941/42058899_max.jpg', 'https://static.esticrm.pl/public/images/offers/673/5902941/42058902_max.jpg', 'https://static.esticrm.pl/public/images/offers/673/5902941/42058905_max.jpg', 'https://static.esticrm.pl/public/images/offers/673/5902941/42058908_max.jpg', 'https://static.esticrm.pl/public/images/offers/673/5902941/42058914_max.jpg', 'https://static.esticrm.pl/public/images/offers/673/5902941/42058917_max.jpg', 'https://static.esticrm.pl/public/images/offers/673/5902941/42058923_max.jpg', 'https://static.esticrm.pl/public/images/offers/673/5902941/42058926_max.jpg', 'https://static.esticrm.pl/public/images/offers/673/5902941/42058929_max.jpg', 'https://static.esticrm.pl/public/images/offers/673/5902941/42058932_max.jpg', 'https://static.esticrm.pl/public/images/offers/673/5902941/42058935_max.jpg', 'https://static.esticrm.pl/public/images/offers/673/5902941/42058938_max.jpg', 'https://static.esticrm.pl/public/images/offers/673/5902941/42058950_max.jpg', 'https://static.esticrm.pl/public/images/offers/673/5902941/42058965_max.jpg', 'https://static.esticrm.pl/public/images/offers/673/5902941/42058974_max.jpg', 'https://static.esticrm.pl/public/images/offers/673/5902941/42573459_max.jpg'];https://static.esticrm.pl/public/images/offers/673/5902941/42058887_max.jpg;https://static.esticrm.pl/public/images/offers/673/5902941/42058887_max.jpg;DOM PO KAPITALNYM REMONCIE CENA: 685 000 z³ MO¯LIWOŒÆ NEGOCJACJI CENYPOWIERZCHNIA CA£KOWITA DOMU: 80 m2POWIERZCHNIA U¯YTKOWA DOMU: 66 m2POWIERZCHNIA DZIA£KI: 346 m2Kameralny dom po³o¿ony w dobrze skomunikowanej czêœci miasta.Podczas remontu zosta³y wymienione instalacja elektryczna, hydrauliczna.Dom utrzymany w jasnej kolorystyce z akcentami drewnianymi.Na parterze domu mieœci siê salon z jadalni¹ oraz wyjœciem na podwórko, kuchnia, przedpokój.Na piêtrze domu znajdujê siê ³azienka z prysznicem oraz sypialnia i garderoba mog¹ca równie¿ pe³niæ funkcje dodatkowego pokoju. Dom docieplony 17 cm styropianem.Okna nowe 3 komorowe, 2 szybowe dziêki czemu zapewniaj¹ dodatkowy komfort cieplny oraz wyg³uszenie.Ogrzewanie z piecyka dwufunkcyjnego gazowego.W cenie pozostaje ca³kowite umeblowanie i wyposa¿enie w sprzêty RTV i AGD widoczne na zdjêciu.Miejsce parkingowe wy³o¿one kostk¹ brukow¹.Wjazd na posesje bram¹ otwieran¹ na pilota.W pobli¿u sklepy, komunikacja miejska, szko³a, punkty handlowo-us³ugowe. Przy zakupie nieruchomoœci nale¿y uwzglêdniæ koszty notarialne i wynagrodzenie dla biura nieruchomoœci 1,23 % brutto.Oferujemy skuteczn¹ pomoc w otrzymaniu kredytu.ZAPRASZAMY NA PREZENTACJÊ!Przedstawiona oferta ma charakter informacyjny, nie stanowi oferty handlowej w rozumieniu art. 66 §1 Kodeksu Cywilnego.Opis i zdjêcia objête s¹ ochron¹ praw autorskich, osobistych i maj¹tkowych stanowi¹c w³asnoœæ przedsiêbiorstwa FUTURE w œwietle prawa autorskiego ustawa z 4 lutego 1994 r. o prawie autorskim i prawach pokrewnych (Dz. U. 1994, nr 24 poz. 83 z póŸn. zm.);wtórny;3;2;Elbl¹g;8562.50;-1;-1;-1;-1;-1;-1;-1;-1;True;-1;-1;-1;-1;100736;-1;-1;-1;-1;-1;552755528|502071014;dorota.kruk@futurenieruchomosci.pl;futurenieruchomosci;-1;2022-05-09 19:56:17.122098
Dom (Szeregowy);950000.00;Sprzeda¿;-1;305,50;491;https://www.futurenieruchomosci.pl/nieruchomosci/dom-na-sprzedaz/elblag/348;33;['https://static.esticrm.pl/public/images/offers/673/5901048/42042408_max.jpg', 'https://static.esticrm.pl/public/images/offers/673/5901048/42042435_max.jpg', 'https://static.esticrm.pl/public/images/offers/673/5901048/42042468_max.jpg', 'https://static.esticrm.pl/public/images/offers/673/5901048/42042474_max.jpg', 'https://static.esticrm.pl/public/images/offers/673/5901048/42042477_max.jpg', 'https://static.esticrm.pl/public/images/offers/673/5901048/42042534_max.jpg', 'https://static.esticrm.pl/public/images/offers/673/5901048/42042537_max.jpg', 'https://static.esticrm.pl/public/images/offers/673/5901048/42042543_max.jpg', 'https://static.esticrm.pl/public/images/offers/673/5901048/42042564_max.jpg', 'https://static.esticrm.pl/public/images/offers/673/5901048/42042615_max.jpg', 'https://static.esticrm.pl/public/images/offers/673/5901048/42042624_max.jpg', 'https://static.esticrm.pl/public/images/offers/673/5901048/42042633_max.jpg', 'https://static.esticrm.pl/public/images/offers/673/5901048/42042642_max.jpg', 'https://static.esticrm.pl/public/images/offers/673/5901048/42042675_max.jpg', 'https://static.esticrm.pl/public/images/offers/673/5901048/42042678_max.jpg', 'https://static.esticrm.pl/public/images/offers/673/5901048/42042681_max.jpg', 'https://static.esticrm.pl/public/images/offers/673/5901048/42042687_max.jpg', 'https://static.esticrm.pl/public/images/offers/673/5901048/42042693_max.jpg', 'https://static.esticrm.pl/public/images/offers/673/5901048/42042699_max.jpg', 'https://static.esticrm.pl/public/images/offers/673/5901048/42042723_max.jpg', 'https://static.esticrm.pl/public/images/offers/673/5901048/42042741_max.jpg', 'https://static.esticrm.pl/public/images/offers/673/5901048/42042777_max.jpg', 'https://static.esticrm.pl/public/images/offers/673/5901048/42042795_max.jpg', 'https://static.esticrm.pl/public/images/offers/673/5901048/42042798_max.jpg', 'https://static.esticrm.pl/public/images/offers/673/5901048/42042855_max.jpg', 'https://static.esticrm.pl/public/images/offers/673/5901048/42042852_max.jpg', 'https://static.esticrm.pl/public/images/offers/673/5901048/42042858_max.jpg', 'https://static.esticrm.pl/public/images/offers/673/5901048/42042843_max.jpg', 'https://static.esticrm.pl/public/images/offers/673/5901048/42042504_max.jpg', 'https://static.esticrm.pl/public/images/offers/673/5901048/42042801_max.jpg', 'https://static.esticrm.pl/public/images/offers/673/5901048/42042828_max.jpg', 'https://static.esticrm.pl/public/images/offers/673/5901048/42042666_max.jpg', 'https://static.esticrm.pl/public/images/offers/673/5901048/42042840_max.jpg'];https://static.esticrm.pl/public/images/offers/673/5901048/42042408_max.jpg;https://static.esticrm.pl/public/images/offers/673/5901048/42042408_max.jpg;"DU¯Y  SZEREGOWY DOM  W POSZUKIWANEJ LOKALIZACJI!!CENA: 950 000 z³POWIERZCHNIA U¯YTKOWA: 284,97 m2POWIERZCHNIA CA£KOWITA 305,50m2POWIERZCHNIA DZIA£KI: 491 m2GARA¯ W BRYLE BUDYNKU 18,8m2
Dom po³o¿ony na osiedlu Kamionka na cichej i spokojnej ulicy osiedlowej.Dom zosta³ wybudowany w 2004rStolarka okienna drewniana z oknami 3 szybowymi, a na poddaszu okna po³aciowe maki Velux.Ogródek oraz tarasy s¹ od strony po³udniowej dziêki czemu s¹ bardzo dobrze nas³onecznione. Ogrzewanie domu oraz ciep³a woda z piecyka dwufunkcyjnego gazowego marki Junkers. trzy letniego.W okresie grzewczym koszt gazu wyniós³ 900 z³ za miesi¹c.Instalacja elektryczna oraz grzewcza miedziana. Dach pokryty blachodachówkom. Moc w gara¿u 380 kWSchody wy³o¿one gresem z porêcz¹ drewnian¹.Dom wybudowany z bloczków gazobeton, ocieplony z tynkiem typu baranek. Dom czterokondygnacyjny:I KONDYGNACJA (przyziemie):- gara¿ z kana³em (18 m2)- WC- pralnia z kuchni¹ letni¹- sala rekreacyjna-pomieszczenie gospodarcze-sk³adzikII KONDYGNACJA (parter):-salon (28,5 m2)-kuchnia-gabinet-³azienka z prysznicem-jadalnia z wyjœciem na taras -przedpokójIII KONDYGNACYJNA (1 piêtro):-sypialnia -pokój-pokój-³azienka z wann¹-holIV KONDYGNACJA (2 piêtro):-hol-pokój-pokój-pokój-pokójIstnieje mo¿liwoœæ pozostawienia czêœci wyposa¿enia oraz sprzêtów RTV i AGD Przy zakupie nieruchomoœci nale¿y uwzglêdniæ koszty notarialne i wynagrodzenie dla biura nieruchomoœci 1,23 % brutto.Oferujemy skuteczn¹ pomoc w otrzymaniu kredytu.ZAPRASZAMY NA PREZENTACJÊ!Przedstawiona oferta ma charakter informacyjny, nie stanowi oferty handlowej w rozumieniu art. 66 §1 Kodeksu Cywilnego.Opis i zdjêcia objête s¹ ochron¹ praw autorskich, osobistych i maj¹tkowych stanowi¹c w³asnoœæ przedsiêbiorstwa FUTURE w œwietle prawa autorskiego ustawa z 4 lutego 1994 r. o prawie autorskim i prawach pokrewnych (Dz. U. 1994, nr 24 poz. 83 z p";wtórny;10;3;Elbl¹g Legionów;3109.66;-1;-1;2004;True;-1;-1;-1;-1;-1;-1;-1;-1;-1;944548;-1;-1;-1;-1;-1;552755528|502071014;dorota.kruk@futurenieruchomosci.pl;futurenieruchomosci;-1;2022-05-09 19:56:17.483423
Mieszkanie;419000.00;Sprzeda¿;-1;77,75;-1;https://www.futurenieruchomosci.pl/nieruchomosci/mieszkanie-na-sprzedaz/elblag/347;19;['https://static.esticrm.pl/public/images/offers/673/5853570/41703249_max.jpg', 'https://static.esticrm.pl/public/images/offers/673/5853570/41703303_max.jpg', 'https://static.esticrm.pl/public/images/offers/673/5853570/41703309_max.jpg', 'https://static.esticrm.pl/public/images/offers/673/5853570/41703312_max.jpg', 'https://static.esticrm.pl/public/images/offers/673/5853570/41703258_max.jpg', 'https://static.esticrm.pl/public/images/offers/673/5853570/41703270_max.jpg', 'https://static.esticrm.pl/public/images/offers/673/5853570/41703327_max.jpg', 'https://static.esticrm.pl/public/images/offers/673/5853570/41703333_max.jpg', 'https://static.esticrm.pl/public/images/offers/673/5853570/41703279_max.jpg', 'https://static.esticrm.pl/public/images/offers/673/5853570/41703285_max.jpg', 'https://static.esticrm.pl/public/images/offers/673/5853570/41703291_max.jpg', 'https://static.esticrm.pl/public/images/offers/673/5853570/41703294_max.jpg', 'https://static.esticrm.pl/public/images/offers/673/5853570/41703342_max.jpg', 'https://static.esticrm.pl/public/images/offers/673/5853570/41703348_max.jpg', 'https://static.esticrm.pl/public/images/offers/673/5853570/41703354_max.jpg', 'https://static.esticrm.pl/public/images/offers/673/5853570/41703357_max.jpg', 'https://static.esticrm.pl/public/images/offers/673/5853570/41703366_max.jpg', 'https://static.esticrm.pl/public/images/offers/673/5853570/41703375_max.jpg', 'https://static.esticrm.pl/public/images/offers/673/5853570/41884920_max.jpg'];https://static.esticrm.pl/public/images/offers/673/5853570/41703249_max.jpg;https://static.esticrm.pl/public/images/offers/673/5853570/41703249_max.jpg;PRZESTRONNE MIESZKANIE PO GENERALNYM REMONCIECENA: 419 000 z³MO¯LIWOŒÆ NEGOCJACJI CENY!!!!!!!!!!!!!POWIERZCHNIA: 77,75 m2II PIÊTRO3 POKOJEPolecamy Pañstwu  mieszkanie o podwy¿szonym standardzie Lokal przeszed³ generalny remont Stolarka okienna PCV z wywietrznikami oraz zamontowanymi moskitierami. Nowe drzwi zewnêtrzne i wewnêtrzne nowe oœcie¿nice.W pokojach na pod³ogach panele, a œciany pokryte g³adzi¹ tynkow¹.Sufity podwieszane z zamontowanymi halogenami daj¹cymi dodatkowe Ÿród³o œwiat³o. Kuchnia zabudowana meblami robionymi na zamówienie wraz ze sprzêtem AGD (lodówka, piekarnik, p³yta gazowa, zmywarka okap)W sypialni  jest du¿a szafa w zabudowie, która pozostaje w cenie.W salonie jedna ze œcian pokryta dekoracyjn¹ cegie³k¹ ,sufit podwieszany.Dogodny uk³ad mieszkania do ka¿dego pokoju osobne wejœcie z przedpokoju.Ogrzewanie i ciep³a woda z piecyka gazowego dwufunkcyjnego marki Beretta.Ca³e mieszkanie utrzymane w nowoczesnym stylu  , wysokoœæ 3 m, dziêki temu ca³a przestrzeñ wydaje siê jeszcze bardziej otwarta i przestronna.Przy zakupie nieruchomoœci nale¿y uwzglêdniæ koszty notarialne i wynagrodzenie dla biura nieruchomoœci 1,23 % brutto.Oferujemy skuteczn¹ pomoc w otrzymaniu kredytu.ZAPRASZAMY NA PREZENTACJÊ!Przedstawiona oferta ma charakter informacyjny, nie stanowi oferty handlowej w rozumieniu art. 66 §1 Kodeksu Cywilnego.Opis i zdjêcia objête s¹ ochron¹ praw autorskich, osobistych i maj¹tkowych stanowi¹c w³asnoœæ przedsiêbiorstwa FUTURE w œwietle prawa autorskiego ustawa z 4 lutego 1994 r. o prawie autorskim i prawach pokrewnych (Dz. U. 1994, nr 24 poz. 83 z p;wtórny;3;2;Elbl¹g Ogrodowa;5389.07;-1;-1;-1;-1;-1;-1;-1;-1;True;-1;-1;-1;-1;332672;3;-1;-1;-1;-1;552755528|502071014;dorota.kruk@futurenieruchomosci.pl;futurenieruchomosci;-1;2022-05-09 19:56:17.877783
Mieszkanie;310000.00;Sprzeda¿;-1;49,84;-1;https://www.futurenieruchomosci.pl/nieruchomosci/mieszkanie-na-sprzedaz/elblag/346;17;['https://static.esticrm.pl/public/images/offers/673/5852955/41697495_max.jpg', 'https://static.esticrm.pl/public/images/offers/673/5852955/41697507_max.jpg', 'https://static.esticrm.pl/public/images/offers/673/5852955/41697519_max.jpg', 'https://static.esticrm.pl/public/images/offers/673/5852955/41697456_max.jpg', 'https://static.esticrm.pl/public/images/offers/673/5852955/41697489_max.jpg', 'https://static.esticrm.pl/public/images/offers/673/5852955/41697537_max.jpg', 'https://static.esticrm.pl/public/images/offers/673/5852955/41705025_max.jpg', 'https://static.esticrm.pl/public/images/offers/673/5852955/41697531_max.jpg', 'https://static.esticrm.pl/public/images/offers/673/5852955/41705058_max.jpg', 'https://static.esticrm.pl/public/images/offers/673/5852955/41697384_max.jpg', 'https://static.esticrm.pl/public/images/offers/673/5852955/41697420_max.jpg', 'https://static.esticrm.pl/public/images/offers/673/5852955/41697444_max.jpg', 'https://static.esticrm.pl/public/images/offers/673/5852955/41704992_max.jpg', 'https://static.esticrm.pl/public/images/offers/673/5852955/41697450_max.jpg', 'https://static.esticrm.pl/public/images/offers/673/5852955/41697528_max.jpg', 'https://static.esticrm.pl/public/images/offers/673/5852955/41697582_max.jpg', 'https://static.esticrm.pl/public/images/offers/673/5852955/41884941_max.jpg'];https://static.esticrm.pl/public/images/offers/673/5852955/41697495_max.jpg;https://static.esticrm.pl/public/images/offers/673/5852955/41697495_max.jpg;"MIESZKANIE W CENTRUM Z PIÊKNYM TARASEMNOWA CENA: 310 000 z³MO¯LIWOŒÆ NEGOCJACJI CENY!!!!POWIERZCHNIA: 49,84 m2IV PIÊTRO2 POKOJE
Polecamy Pañstw do zakupu  ³adne klimatyczne mieszkanie z ca³kowitym wyposa¿eniem.Mieszkanie przesz³o generalny remont w trakcie którego, zosta³a wymieniona instalacja elektryczna, hydrauliczna i grzewcza.W kuchni znajduj¹ siê meble robione na zamówienie pod wymiar z podœwietleniem led wraz ze sprzêtem AGD (lodówka, mikrofala, piekarnik, p³yta grzewcza)Na pod³odze w kuchni, sypialni i przedpokoju deski drewniane.£azienka wy³o¿ona glazur¹ i terakot¹ z now¹ kabina prysznicow¹ z deszczownic¹. W salonie na pod³odze panele, a œciany pokryte g³adzi¹ tynkow¹.Na przedpokoju sta³a zabudowa.Stolarka okienna PCV. Dodatkowo przy mieszkaniu znajduje siê strych u¿ytkowany tylko przez w³aœcicieli tego mieszkania.Czynsz w wysokoœci 330 z³Mieszkanie posiada indywidualne liczniki energii cieplnej.Instalacja eklektyczna trzyfazowa. Mieszkanie ciep³e, s³oneczne, czyste, gotowe do wprowadzenia siê. W pobli¿u pe³na infrastruktura; liczne sklepy. punkty handlowo-us³ugowe, szko³y, Urz¹d Miasta, park. Przy zakupie nieruchomoœci nale¿y uwzglêdniæ koszty notarialne i wynagrodzenie dla biura nieruchomoœci 1,23 % brutto.Oferujemy skuteczn¹ pomoc w otrzymaniu kredytu.ZAPRASZAMY NA PREZENTACJÊ!Przedstawiona oferta ma charakter informacyjny, nie stanowi oferty handlowej w rozumieniu art. 66 §1 Kodeksu Cywilnego.Opis i zdjêcia objête s¹ ochron¹ praw autorskich, osobistych i maj¹tkowych stanowi¹c w³asnoœæ przedsiêbiorstwa FUTURE w œwietle prawa autorskiego ustawa z 4 lutego 1994 r. o prawie autorskim i prawach pokrewnych (Dz. U. 1994, nr 24 poz. 83 z p";wtórny;2;4;Elbl¹g Trybunalska;6219.90;-1;-1;1950;True;-1;-1;-1;-1;True;-1;-1;-1;-1;318510;4;-1;-1;-1;-1;552755528|502071014;dorota.kruk@futurenieruchomosci.pl;futurenieruchomosci;-1;2022-05-09 19:56:18.176054
Mieszkanie;1650.00;Wynajem;-1;59,60;-1;https://www.futurenieruchomosci.pl/nieruchomosci/mieszkanie-na-wynajem/elblag/345;19;['https://static.esticrm.pl/public/images/offers/673/5845944/42554256_max.jpg', 'https://static.esticrm.pl/public/images/offers/673/5845944/41662902_max.jpg', 'https://static.esticrm.pl/public/images/offers/673/5845944/42554247_max.jpg', 'https://static.esticrm.pl/public/images/offers/673/5845944/42554268_max.jpg', 'https://static.esticrm.pl/public/images/offers/673/5845944/42554274_max.jpg', 'https://static.esticrm.pl/public/images/offers/673/5845944/41662776_max.jpg', 'https://static.esticrm.pl/public/images/offers/673/5845944/41662893_max.jpg', 'https://static.esticrm.pl/public/images/offers/673/5845944/41662884_max.jpg', 'https://static.esticrm.pl/public/images/offers/673/5845944/41635446_max.jpg', 'https://static.esticrm.pl/public/images/offers/673/5845944/41663358_max.jpg', 'https://static.esticrm.pl/public/images/offers/673/5845944/41649555_max.jpg', 'https://static.esticrm.pl/public/images/offers/673/5845944/41649561_max.jpg', 'https://static.esticrm.pl/public/images/offers/673/5845944/41662854_max.jpg', 'https://static.esticrm.pl/public/images/offers/673/5845944/41662875_max.jpg', 'https://static.esticrm.pl/public/images/offers/673/5845944/41663922_max.jpg', 'https://static.esticrm.pl/public/images/offers/673/5845944/41649516_max.jpg', 'https://static.esticrm.pl/public/images/offers/673/5845944/41663925_max.jpg', 'https://static.esticrm.pl/public/images/offers/673/5845944/41649498_max.jpg', 'https://static.esticrm.pl/public/images/offers/673/5845944/41649489_max.jpg'];https://static.esticrm.pl/public/images/offers/673/5845944/42554256_max.jpg;https://static.esticrm.pl/public/images/offers/673/5845944/42554256_max.jpg;MIESZKANIE 3 POKOJOWE W PE£NI UMEBLOWANE CENA NAJMU: 1650 z³POWIERZCHNIA: 59.6 m2VI PIÊTROWSZYSTKIE MEDIA Z MIASTANAJEM OKAZJONALNY LUB NA FIRMÊOferujemy Pañstwu przestronne 3 pokojowe mieszkanie.Mieszkanie jest dwustronne ,okna wychodz¹ na wschód i zachód ,dziêki temu jest ciep³e i  s³oneczne.Sypialnia oraz salon wy³o¿one s¹ parkietem, w przedpokoju oraz pokoju dzieciêcym znajduje siê wyk³adzina.Mieszkanie jest w pe³ni umeblowane i wyposa¿one w sprzêt AGD.Mieszkanie zostanie doposa¿one w nowe ³ó¿ko w dzieciêcym pokoju, oraz nowy materac w sypialni.W pobli¿u znajduj¹ siê przedszkola, szko³y, sklepy , Galeria Ogrody ,Carrefour ,Biedronka ,przychodne , dobry dojazd komunikacj¹ miejsk¹.W budynku zosta³a zamontowana nowa winda w 2021r. Aktualnie budynek przechodzi termomodernizacjê.Cena najmu 1650z³ + czynsz administracyjny (oko³o 700 z³ na 3 osoby) + pr¹d (wed³ug wskazañ licznika).Jednorazowa kaucja zwrotna w wysokoœci 2000z³.Przy wynajmie nale¿y uwzglêdniæ jednorazowe wynagrodzenie dla biura nieruchomoœci.ZAPRASZAMY NA PREZENTACJÊ!Przedstawiona oferta ma charakter informacyjny, nie stanowi oferty handlowej w rozumieniu art. 66 §1 Kodeksu Cywilnego.Opis i zdjêcia objête s¹ ochron¹ praw autorskich, osobistych i maj¹tkowych stanowi¹c w³asnoœæ przedsiêbiorstwa FUTURE w œwietle prawa autorskiego ustawa z 4 lutego 1994 r. o prawie autorskim i prawach pokrewnych (Dz. U. 1994, nr 24 poz. 83 z póŸn. zm.);wtórny;3;6;Elbl¹g Józefa Wybickiego;27.68;-1;-1;-1;True;-1;True;-1;-1;True;-1;-1;-1;-1;224569;10;2000;-1;-1;-1;552755528|609369466;patryk.kruk@futurenieruchomosci.pl;futurenieruchomosci;-1;2022-05-09 19:56:18.478329
Lokal handlowy/us³ugowy;2230.00;Wynajem;-1;37;-1;https://www.futurenieruchomosci.pl/nieruchomosci/lokal-obiekt-komercyjny-na-wynajem/elblag/344;9;['https://static.esticrm.pl/public/images/offers/673/5817213/41405253_max.jpg', 'https://static.esticrm.pl/public/images/offers/673/5817213/41405265_max.jpg', 'https://static.esticrm.pl/public/images/offers/673/5817213/41405289_max.jpg', 'https://static.esticrm.pl/public/images/offers/673/5817213/41378115_max.jpg', 'https://static.esticrm.pl/public/images/offers/673/5817213/41378118_max.jpg', 'https://static.esticrm.pl/public/images/offers/673/5817213/41378127_max.jpg', 'https://static.esticrm.pl/public/images/offers/673/5817213/41378130_max.jpg', 'https://static.esticrm.pl/public/images/offers/673/5817213/41378142_max.jpg', 'https://static.esticrm.pl/public/images/offers/673/5817213/41378145_max.jpg'];https://static.esticrm.pl/public/images/offers/673/5817213/41405253_max.jpg;https://static.esticrm.pl/public/images/offers/673/5817213/41405253_max.jpg;LOKAL PO REMONCIE W ŒCIS£YM CENTRUMWEJŒCIE BEZOŒREDNIO Z CHODNIKA DU¯E WITRYNY  WYSTAWOWE POWIERZCHNIA: 37m2CENA: 2230z³ + 23%VAT + MediaPolecamy Pañstwu do wynajmu  doskonale  zlokalizowany lokal handlowo-us³ugowy. .Okna wystawowe widoczne z daleka z chodnika i ulicy.Dodatkowym atutem jest przeje¿d¿aj¹cy obok tramwaj i autobus dziêki czemu widocznoœæ i rozpoznawalnoœæ punktu handlowego b¹dŸ us³ugowego jest znacznie wiêksza. Na ca³ej œcianie lokalu znajduj¹ siê szyby wystawowe, ekspozycja okien na kierunek po³udniowy. Ca³y dzieñ lokal jest bardzo dobrze doœwietlony. W lokalu jest ma³e zaplecze oraz toaleta. Ogrzewanie i ciep³a woda z sieci miejskiej.Lokal ten doskonale  nadaje siê  dla firmy której zale¿y na dobrej lokalizacji i dotarciu do jak najwiêkszej liczby klientów z ulicy.Przy wynajmie nale¿y uwzglêdniæ jednorazowe wynagrodzenie dla biura nieruchomoœci ZAPRASZAMY NA PREZENTACJÊ!Przedstawiona oferta ma charakter informacyjny, nie stanowi oferty handlowej w rozumieniu art. 66 §1 Kodeksu Cywilnego.Opis i zdjêcia objête s¹ ochron¹ praw autorskich, osobistych i maj¹tkowych stanowi¹c w³asnoœæ przedsiêbiorstwa FUTURE w œwietle prawa autorskiegoustawa z 4 lutego 1994 r. o prawie autorskim i prawach pokrewnych (Dz. U. 1994, nr 24 poz. 83 z póŸn. zm.);wtórny;2;-1;Elbl¹g 1 Maja;60.27;-1;-1;-1;-1;-1;-1;-1;-1;-1;-1;-1;-1;-1;452825;-1;-1;-1;-1;-1;552755528|609369466;patryk.kruk@futurenieruchomosci.pl;futurenieruchomosci;-1;2022-05-09 19:56:18.882697
Mieszkanie;289000.00;Sprzeda¿;-1;45,80;-1;https://www.futurenieruchomosci.pl/nieruchomosci/mieszkanie-na-sprzedaz/elblag/343;20;['https://static.esticrm.pl/public/images/offers/673/5790399/41103897_max.jpg', 'https://static.esticrm.pl/public/images/offers/673/5790399/41103912_max.jpg', 'https://static.esticrm.pl/public/images/offers/673/5790399/41103927_max.jpg', 'https://static.esticrm.pl/public/images/offers/673/5790399/41103933_max.jpg', 'https://static.esticrm.pl/public/images/offers/673/5790399/41103936_max.jpg', 'https://static.esticrm.pl/public/images/offers/673/5790399/41103984_max.jpg', 'https://static.esticrm.pl/public/images/offers/673/5790399/41104002_max.jpg', 'https://static.esticrm.pl/public/images/offers/673/5790399/41103939_max.jpg', 'https://static.esticrm.pl/public/images/offers/673/5790399/41103942_max.jpg', 'https://static.esticrm.pl/public/images/offers/673/5790399/41103957_max.jpg', 'https://static.esticrm.pl/public/images/offers/673/5790399/41103873_max.jpg', 'https://static.esticrm.pl/public/images/offers/673/5790399/41103867_max.jpg', 'https://static.esticrm.pl/public/images/offers/673/5790399/41103864_max.jpg', 'https://static.esticrm.pl/public/images/offers/673/5790399/41103840_max.jpg', 'https://static.esticrm.pl/public/images/offers/673/5790399/41103846_max.jpg', 'https://static.esticrm.pl/public/images/offers/673/5790399/41103855_max.jpg', 'https://static.esticrm.pl/public/images/offers/673/5790399/41103861_max.jpg', 'https://static.esticrm.pl/public/images/offers/673/5790399/41104014_max.jpg', 'https://static.esticrm.pl/public/images/offers/673/5790399/41104044_max.jpg', 'https://static.esticrm.pl/public/images/offers/673/5790399/41109342_max.jpg'];https://static.esticrm.pl/public/images/offers/673/5790399/41103897_max.jpg;https://static.esticrm.pl/public/images/offers/673/5790399/41103897_max.jpg;WYREMONTOWANE, PRZESTRONNE DWUPOKOJOWE MIESZKANIE W BARDZO DOBREJ LOKALIZACJI!NOWA CENA: 289 000 z³POWIERZCHNIA: 45,8 m2DWA POKOJEIV PIÊTROBALKONWSZYSTKIE MEDIA Z MIASTADLA ZDECYDOWANEGO KLIENTA MO¯LIWOŒÆ NEGOCJACJI CENY Polecamy Pañstwu s³oneczne ,ciep³e ,po ca³kowitym remoncie mieszkanie znajduj¹ce siê w  budynku  przy ul. Traugutta.Budynek ocieplony z wyremontowan¹ klatk¹ schodow¹.Parking przed budynkiem zabezpieczony szlabanem.Wystawa okienna wschodnio -zachodnia. Stolarka okienna PCV wymieniona podczas remontu.Mieszkanie przesz³o generalny remont w latach 2017-2018.Nowa instalacja elektryczna, hydrauliczna. Nowe panele pod³ogowe w pokojach.Pod³ogi na przedpokój, kuchni i ³azience oraz balkonie wy³o¿one p³ytkami.W kuchni i ³azience glazura.Nowe drzwi wewnêtrzne oraz zewnêtrzne.W cenie pozostaje pe³ne umeblowanie pokoi widoczne na zdjêciach zabudowa kuchni, przedpokoju  oraz sprzêty AGD( pralka ,lodówka)Do mieszkania przynale¿y piwnica o pow. 4,8 m2Czynsz w wysokoœci 350 z³W pobli¿u liczne sklepy, punkty handlowo-us³ugowe.Mieszkanie idealne jako inwestycja do dalszego wynajmu lub do zakupu dla m³odej rodziny która chce mieæ ¿³obek, przedszkole, szko³ê w bliskiej odleg³oœci od domu. Mieszkanie nie wymaga ¿adnych nak³adów finansowych je¿eli nie lubisz remontów ta oferta jest dla Ciebie.Polecamy!!!!!!!!!!!!!!!!!!!!!Przy zakupie nieruchomoœci nale¿y uwzglêdniæ koszty notarialne i wynagrodzenie dla biura nieruchomoœci 1,23 % brutto.Oferujemy skuteczn¹ pomoc w otrzymaniu kredytu.ZAPRASZAMY NA PREZENTACJÊ!Przedstawiona oferta ma charakter informacyjny, nie stanowi oferty handlowej w rozumieniu art. 66 §1 Kodeksu Cywilnego.Opis i zdjêcia objête s¹ ochron¹ praw autorskich, osobistych i maj¹tkowych stanowi¹c w³asnoœæ przedsiêbiorstwa FUTURE w œwietle prawa autorskiego ustawa z 4 lutego 1994 r. o prawie autorskim i prawach pokrewnych (Dz. U. 1994, nr 24 poz. 83 z p;wtórny;2;4;Elbl¹g Romualda Traugutta;6310.04;-1;-1;-1;True;-1;-1;-1;True;True;-1;-1;-1;-1;534026;4;-1;-1;-1;-1;552755528|502071014;dorota.kruk@futurenieruchomosci.pl;futurenieruchomosci;-1;2022-05-09 19:56:19.183972
Mieszkanie;565000.00;Sprzeda¿;-1;93,50;-1;https://www.futurenieruchomosci.pl/nieruchomosci/mieszkanie-na-sprzedaz/elblag/342;27;['https://static.esticrm.pl/public/images/offers/673/5781360/41019267_max.jpg', 'https://static.esticrm.pl/public/images/offers/673/5781360/41019276_max.jpg', 'https://static.esticrm.pl/public/images/offers/673/5781360/41019288_max.jpg', 'https://static.esticrm.pl/public/images/offers/673/5781360/41019300_max.jpg', 'https://static.esticrm.pl/public/images/offers/673/5781360/41019252_max.jpg', 'https://static.esticrm.pl/public/images/offers/673/5781360/41019258_max.jpg', 'https://static.esticrm.pl/public/images/offers/673/5781360/41019084_max.jpg', 'https://static.esticrm.pl/public/images/offers/673/5781360/41019075_max.jpg', 'https://static.esticrm.pl/public/images/offers/673/5781360/41019264_max.jpg', 'https://static.esticrm.pl/public/images/offers/673/5781360/41019315_max.jpg', 'https://static.esticrm.pl/public/images/offers/673/5781360/41019060_max.jpg', 'https://static.esticrm.pl/public/images/offers/673/5781360/41019309_max.jpg', 'https://static.esticrm.pl/public/images/offers/673/5781360/41019303_max.jpg', 'https://static.esticrm.pl/public/images/offers/673/5781360/41019096_max.jpg', 'https://static.esticrm.pl/public/images/offers/673/5781360/41019093_max.jpg', 'https://static.esticrm.pl/public/images/offers/673/5781360/41019099_max.jpg', 'https://static.esticrm.pl/public/images/offers/673/5781360/41019243_max.jpg', 'https://static.esticrm.pl/public/images/offers/673/5781360/41019249_max.jpg', 'https://static.esticrm.pl/public/images/offers/673/5781360/41019234_max.jpg', 'https://static.esticrm.pl/public/images/offers/673/5781360/41019318_max.jpg', 'https://static.esticrm.pl/public/images/offers/673/5781360/41019237_max.jpg', 'https://static.esticrm.pl/public/images/offers/673/5781360/41019225_max.jpg', 'https://static.esticrm.pl/public/images/offers/673/5781360/41019192_max.jpg', 'https://static.esticrm.pl/public/images/offers/673/5781360/41019222_max.jpg', 'https://static.esticrm.pl/public/images/offers/673/5781360/41107161_max.jpg', 'https://static.esticrm.pl/public/images/offers/673/5781360/41107164_max.jpg', 'https://static.esticrm.pl/public/images/offers/673/5781360/41267001_max.jpg'];https://static.esticrm.pl/public/images/offers/673/5781360/41019267_max.jpg;https://static.esticrm.pl/public/images/offers/673/5781360/41019267_max.jpg;"PRZESTRONNE MIESZKANIE PRZY UL. S£ONECZNEJ !DU¯Y POTENCJA£ ARAN¯ACYJNY I INWESTYCYJNY!CENA: 565 000 z³ DO NEGOCJACJIPOWIERZCHNIA: 93,5 m2III PIÊTRO 4 POKOJE DWA BALKONYDWIE PIWNICEGARA¯ 45000z³WSZYSTKIE MEDIA Z MIASTAMieszkanie zosta³o po³¹czone z kawalerki oraz mieszkania 3 pokojowego i jest mo¿liwoœæ przywrócenia do stanu pierwotnego s¹ dwie ksiêgi wieczyste.W sk³ad mieszkania wchodzi: przedpokój, kuchnia, salon z jadalni¹, sypialnia, 3 pokoje, ³azienka i WC.S³oneczne mieszkanie z wystaw¹ okienn¹ pó³nocno-po³udniow¹.Stolarka okienna PCV.W salonie na pod³ogach parkiet, na œcianach g³adzie.W pozosta³ych pokojach na pod³ogach panele na œcianach g³adzie.Sufit podwieszany w kuchni.Nowe drzwi wewnêtrzne i zewnêtrzne dopasowane kolorystycznie do wystroju.Wymieniona instalacja elektryczna i hydrauliczna. W kuchni, ³azience oraz WC po³o¿ona glazura i terakota. Do mieszkania przynale¿¹ 2 piwnice (3,24 m2; 3,24 m2)Czynsz wynosi 910 z³.W cenie pozostaj¹ meble kuchenne wraz ze sprzêtem AGD (lodówka, zmywarka, okap, piekarnik elektryczny i kuchenka gazowa)  oraz jest mo¿liwoœæ pozostawienia czêœciowego umeblowania w cenie.Budynek po termoizolacji.W klatce mieszka jedynie 11 rodzin.Mieszkanie  bardzo ciep³e ,czyste, zadbane, gotowe do wprowadzenia siê z mo¿liwoœci¹ pozostawienia czêœci mebli w cenie.Mo¿liwoœæ dokupienia murowanego gara¿u o pow. 19 m2 w cenie 45 000 z³ mieszcz¹cego siê ok 50m od budynku
Przy zakupie nieruchomoœci nale¿y uwzglêdniæ koszty notarialne i wynagrodzenie dla biura nieruchomoœci 1,23 %brutto.Oferujemy skuteczn¹ pomoc w otrzymaniu kredytu.ZAPRASZAMY NA PREZENTACJÊ!Przedstawiona oferta ma charakter informacyjny, nie stanowi oferty handlowej w rozumieniu art. 66 §1 Kodeksu Cywilnego.Opis i zdjêcia objête s¹ ochron¹ praw autorskich, osobistych i maj¹tkowych stanowi¹c w³asnoœæ przedsiêbiorstwa FUTURE w œwietle prawa autorskiego ustawa z 4 lutego 1994 r. o prawie autorskim i prawach pokrewnych (Dz. U. 1994, nr 24 poz. 83 z p";wtórny;4;3;Elbl¹g S³oneczna;6042.78;-1;-1;-1;True;-1;-1;-1;True;True;-1;-1;-1;-1;902561;4;-1;-1;-1;-1;552755528|502071014;dorota.kruk@futurenieruchomosci.pl;futurenieruchomosci;-1;2022-05-09 19:56:19.480241
Dom (Wolnostoj¹cy);6000.00;Wynajem;-1;240;5611;https://www.futurenieruchomosci.pl/nieruchomosci/dom-na-wynajem/paslek/341;42;['https://static.esticrm.pl/public/images/offers/673/5755986/41107449_max.jpg', 'https://static.esticrm.pl/public/images/offers/673/5755986/41107443_max.jpg', 'https://static.esticrm.pl/public/images/offers/673/5755986/41107446_max.jpg', 'https://static.esticrm.pl/public/images/offers/673/5755986/41107452_max.jpg', 'https://static.esticrm.pl/public/images/offers/673/5755986/40782654_max.jpg', 'https://static.esticrm.pl/public/images/offers/673/5755986/40782552_max.jpg', 'https://static.esticrm.pl/public/images/offers/673/5755986/40782624_max.jpg', 'https://static.esticrm.pl/public/images/offers/673/5755986/40782687_max.jpg', 'https://static.esticrm.pl/public/images/offers/673/5755986/40782717_max.jpg', 'https://static.esticrm.pl/public/images/offers/673/5755986/40782339_max.jpg', 'https://static.esticrm.pl/public/images/offers/673/5755986/40782363_max.jpg', 'https://static.esticrm.pl/public/images/offers/673/5755986/40782402_max.jpg', 'https://static.esticrm.pl/public/images/offers/673/5755986/40782429_max.jpg', 'https://static.esticrm.pl/public/images/offers/673/5755986/40782459_max.jpg', 'https://static.esticrm.pl/public/images/offers/673/5755986/40782489_max.jpg', 'https://static.esticrm.pl/public/images/offers/673/5755986/40782516_max.jpg', 'https://static.esticrm.pl/public/images/offers/673/5755986/40782108_max.jpg', 'https://static.esticrm.pl/public/images/offers/673/5755986/40782132_max.jpg', 'https://static.esticrm.pl/public/images/offers/673/5755986/40782177_max.jpg', 'https://static.esticrm.pl/public/images/offers/673/5755986/40782282_max.jpg', 'https://static.esticrm.pl/public/images/offers/673/5755986/40782306_max.jpg', 'https://static.esticrm.pl/public/images/offers/673/5755986/40782741_max.jpg', 'https://static.esticrm.pl/public/images/offers/673/5755986/40782771_max.jpg', 'https://static.esticrm.pl/public/images/offers/673/5755986/40782810_max.jpg', 'https://static.esticrm.pl/public/images/offers/673/5755986/40782843_max.jpg', 'https://static.esticrm.pl/public/images/offers/673/5755986/40782867_max.jpg', 'https://static.esticrm.pl/public/images/offers/673/5755986/40782903_max.jpg', 'https://static.esticrm.pl/public/images/offers/673/5755986/40782918_max.jpg', 'https://static.esticrm.pl/public/images/offers/673/5755986/40782939_max.jpg', 'https://static.esticrm.pl/public/images/offers/673/5755986/40782963_max.jpg', 'https://static.esticrm.pl/public/images/offers/673/5755986/40782996_max.jpg', 'https://static.esticrm.pl/public/images/offers/673/5755986/40783029_max.jpg', 'https://static.esticrm.pl/public/images/offers/673/5755986/41147004_max.jpg', 'https://static.esticrm.pl/public/images/offers/673/5755986/41147028_max.jpg', 'https://static.esticrm.pl/public/images/offers/673/5755986/41147055_max.jpg', 'https://static.esticrm.pl/public/images/offers/673/5755986/41147070_max.jpg', 'https://static.esticrm.pl/public/images/offers/673/5755986/41147031_max.jpg', 'https://static.esticrm.pl/public/images/offers/673/5755986/41147064_max.jpg', 'https://static.esticrm.pl/public/images/offers/673/5755986/41147022_max.jpg', 'https://static.esticrm.pl/public/images/offers/673/5755986/40783137_max.jpg', 'https://static.esticrm.pl/public/images/offers/673/5755986/40783101_max.jpg', 'https://static.esticrm.pl/public/images/offers/673/5755986/41146938_max.jpg'];https://static.esticrm.pl/public/images/offers/673/5755986/41107449_max.jpg;https://static.esticrm.pl/public/images/offers/673/5755986/41107449_max.jpg;DO WYNAJMU NIERUCHOMOŒÆ Z PÓ£KI PREMIUMDU¯Y PRZESTRONNY DOM  Z WIELKIM OGRODEM CENA NAJMU 6000 z³ bruttoPOWIERZCHNIA U¯YTKOWA DOMU 240m2POWIERZCHNIA DZIA£KI 5 611m2NAJEM OKAZJONALNY LUB NA FIRMÊPolecamy Pañstwu do wynajmu komfortowy dom w Pas³êkuDom po³o¿ony w cichej spokojnej okolicy z dala od zgie³ku miasta z szybkim dojazdem do drogi S7  zaledwie 10 minut od Elbl¹ga.Wokó³ domu jest du¿y zadbany ogród  ,  dodatkowy atut  to taras z którego  mamy piêkny widok. Dom w pe³ni  umeblowany ,wyposa¿enie widoczne na  na zdjêciach.Budynek dwu kondygnacyjnyI kondygnacja parter :- hol -kuchnia  otwarta na salon - salon - 2 sypialnie- ³azienka z saun¹ i  WCII kondygnacja :- 2 sypialnie - 1 ³azienka z WC- garderobaNa pierwszym poziomie wchodz¹c do domu mamy du¿y przestronny hol ,nastêpnie z holu mo¿emy wejœæ do salonu po³¹czonego z kuchni¹.W kuchni meble w sta³ej zabudowie , sprzêty AGD (lodówka,zmywarrka,p³yta indukcyjna,piekarnik). Spe³ni oczekiwania najbardziej wymagaj¹cej rodziny.Na parterze domu jest przestronna ³azienka  z wann¹ , prysznicem oraz saun¹.Na parterze s¹ równierz  dwie du¿e sypialnie.Z salonu jest wyjœcie na taras i du¿y ³adny ogród. Dêbowe schody prowadz¹ na piêtro domu ,s¹ tam dwie przestronne sypialnie, garderoba i ³azienka z WCW domu pod³ogi wy³o¿one zosta³y  deskami œwierkowymi oraz terakot¹.Dom ogrzewany jest przez piec na olej opa³owy.Usytuowanie domu na górce sprawia ¿e mamy ³adny widok na ca³¹ okolicê a jednoczeœnie ogrodzenie wokó³ posesji zapewnia nam prywatnoœæ  .Miejsca postojowe przy domy wy³o¿one kostk¹ brukow¹. Na terenie ogrodu zosta³y zrobione œcie¿ki z kostki brukowej.Dom do wynajmu spe³ni oczekiwania najbardziej wymagaj¹cych klientów.W³aœciciel oferuje mo¿liwoœæ doposa¿enia domu wed³ug potrzeb  klientów wynajmuj¹cych. Wynajem typu okazjonalnego  lub na firmê na okres 2-3 lata z mo¿liwoœci¹ przed³u¿enia.Cena najmu 6000z³ + op³aty za media ok. 1000z³Jednorazowa kaucjê zwrotn¹ w wysokoœci 6.000z³  Przy wynajmie nale¿y uwzglêdniæ jednorazowe wynagrodzenie dla biura nieruchomoœci ..ZAPRASZAMY NA PREZENTACJÊ!Przedstawiona oferta ma charakter informacyjny, nie stanowi oferty handlowej w rozumieniu art. 66 §1 Kodeksu Cywilnego.Opis i zdjêcia objête s¹ ochron¹ praw autorskich, osobistych i maj¹tkowych stanowi¹c w³asnoœæ przedsiêbiorstwa FUTURE w œwietle prawa autorskiego ustawa z 4 lutego 1994 r. o prawie autorskim i prawach pokrewnych (Dz. U. 1994, nr 24 poz. 83 z póŸn. zm.);wtórny;5;2;Pas³êk;25.00;-1;-1;2018;-1;-1;-1;-1;-1;True;-1;-1;-1;-1;793871;-1;6000;-1;-1;-1;552755528|609369466;patryk.kruk@futurenieruchomosci.pl;futurenieruchomosci;-1;2022-05-09 19:56:19.824557
Mieszkanie;1150.00;Wynajem;-1;25,18;-1;https://www.futurenieruchomosci.pl/nieruchomosci/mieszkanie-na-wynajem/elblag/340;9;['https://static.esticrm.pl/public/images/offers/673/5689137/40124640_max.jpg', 'https://static.esticrm.pl/public/images/offers/673/5689137/40124637_max.jpg', 'https://static.esticrm.pl/public/images/offers/673/5689137/40124643_max.jpg', 'https://static.esticrm.pl/public/images/offers/673/5689137/40124634_max.jpg', 'https://static.esticrm.pl/public/images/offers/673/5689137/40124589_max.jpg', 'https://static.esticrm.pl/public/images/offers/673/5689137/40124649_max.jpg', 'https://static.esticrm.pl/public/images/offers/673/5689137/40124646_max.jpg', 'https://static.esticrm.pl/public/images/offers/673/5689137/40124631_max.jpg', 'https://static.esticrm.pl/public/images/offers/673/5689137/40124598_max.jpg'];https://static.esticrm.pl/public/images/offers/673/5689137/40124640_max.jpg;https://static.esticrm.pl/public/images/offers/673/5689137/40124640_max.jpg;"KAWALERKA W PE£NI UMEBLOWANA DO ZAMIESZKANIA OD ZARAZ!CENA NAJMU: 1150 z³POWIERZCHNIA: 25,18 m2I PIÊTROWSZYSTKIE MEDIA Z MIASTANAJEM OKAZJONALNY LUB NA FIRMÊKawalerka w pe³ni umeblowana ze sprzêtem AGD.Na wyposa¿eniu mieszkania znajduj¹ siê:nowe meble pokojowe, rogówka, nowe meble kuchenne i na przedpokoju. lodówka, okap, p³yta gazowa, pralka, telewizor.Budynek administrowany przez spó³dzielniê mieszkaniow¹ ""Sielanka""Budynek oraz teren wokó³ budynku zadbany, wjazd na osiedle zabezpieczony szlabanem na pilot. W pobli¿u znajduj¹ siê liczne punkty handlowo-us³ugowe, sklepy.Mieszkanie przeznaczone dla osoby pracuj¹cej, niepal¹cej ,bez zwierz¹t , idealne dla osoby samotnej lub pary.Cena najmu 1150z³ + czynsz administracyjny 310 z³ + pr¹d + gaz (wed³ug wskazañ licznika) Jednorazow¹ kaucjê zwrotn¹ w wysokoœci 1150z³  Przy wynajmie nale¿y uwzglêdniæ jednorazowe wynagrodzenie dla biura nieruchomoœci ZAPRASZAMY NA PREZENTACJÊ!Przedstawiona oferta ma charakter informacyjny, nie stanowi oferty handlowej w rozumieniu art. 66 §1 Kodeksu Cywilnego.Opis i zdjêcia objête s¹ ochron¹ praw autorskich, osobistych i maj¹tkowych stanowi¹c w³asnoœæ przedsiêbiorstwa FUTURE w œwietle prawa autorskiego ustawa z 4 lutego 1994 r. o prawie autorskim i prawach pokrewnych (Dz. U. 1994, nr 24 poz. 83 z póŸn. zm.)";wtórny;1;1;Elbl¹g Robotnicza;45.67;-1;-1;-1;-1;-1;-1;-1;-1;True;-1;-1;-1;-1;684243;4;1150;-1;-1;-1;552755528|502071014;dorota.kruk@futurenieruchomosci.pl;futurenieruchomosci;-1;2022-05-09 19:56:20.147356
Dom (BliŸniak);4000.00;Wynajem;-1;80;346;https://www.futurenieruchomosci.pl/nieruchomosci/dom-na-wynajem/elblag/339;24;['https://static.esticrm.pl/public/images/offers/673/5688153/40117566_max.jpg', 'https://static.esticrm.pl/public/images/offers/673/5688153/40117572_max.jpg', 'https://static.esticrm.pl/public/images/offers/673/5688153/40117575_max.jpg', 'https://static.esticrm.pl/public/images/offers/673/5688153/40117593_max.jpg', 'https://static.esticrm.pl/public/images/offers/673/5688153/40117584_max.jpg', 'https://static.esticrm.pl/public/images/offers/673/5688153/40117590_max.jpg', 'https://static.esticrm.pl/public/images/offers/673/5688153/40117578_max.jpg', 'https://static.esticrm.pl/public/images/offers/673/5688153/40117602_max.jpg', 'https://static.esticrm.pl/public/images/offers/673/5688153/40117605_max.jpg', 'https://static.esticrm.pl/public/images/offers/673/5688153/40117614_max.jpg', 'https://static.esticrm.pl/public/images/offers/673/5688153/40117620_max.jpg', 'https://static.esticrm.pl/public/images/offers/673/5688153/40117635_max.jpg', 'https://static.esticrm.pl/public/images/offers/673/5688153/40117638_max.jpg', 'https://static.esticrm.pl/public/images/offers/673/5688153/40117641_max.jpg', 'https://static.esticrm.pl/public/images/offers/673/5688153/40117647_max.jpg', 'https://static.esticrm.pl/public/images/offers/673/5688153/40117653_max.jpg', 'https://static.esticrm.pl/public/images/offers/673/5688153/40117662_max.jpg', 'https://static.esticrm.pl/public/images/offers/673/5688153/40117665_max.jpg', 'https://static.esticrm.pl/public/images/offers/673/5688153/40117668_max.jpg', 'https://static.esticrm.pl/public/images/offers/673/5688153/40117674_max.jpg', 'https://static.esticrm.pl/public/images/offers/673/5688153/40117677_max.jpg', 'https://static.esticrm.pl/public/images/offers/673/5688153/40117680_max.jpg', 'https://static.esticrm.pl/public/images/offers/673/5688153/40117560_max.jpg', 'https://static.esticrm.pl/public/images/offers/673/5688153/40117548_max.jpg'];https://static.esticrm.pl/public/images/offers/673/5688153/40117566_max.jpg;https://static.esticrm.pl/public/images/offers/673/5688153/40117566_max.jpg;DOM W SUPER LOKALIZACJICENA NAJMU: 4 000 z³POWIERZCHNIA CA£KOWITA DOMU: 80 m2POWIERZCHNIA U¯YTKOWA DOMU: 66 m2POWIERZCHNIA DZIA£KI: 346 m2NAJEM OKAZJONALNY LUB NA FIRMÊWyremontowany dom po³o¿ony w dobrze skomunikowej czêœci miasta.Podczas remontu zosta³y wymienione instalacja elektryczna, hydrauliczna.Dom utrzymany w jasnej kolorystyce z akcentami drewnianymi.Na parterze domu mieœci siê salon z jadalni¹ oraz wyjœciem na podwórko, kuchnia, przedpokój.Na piêtrze domu znajdujê siê ³azienka z prysznicem oraz sypialnia i garderoba mog¹ca równie¿ pe³niæ funkcje dodatkowego pokoju.  Dom docieplony 17 cm styropianem.Okna nowe 3 komorowe, 2 szybowe dziêki czemu zapewniaj¹ dodatkowy komfort cieplny oraz wyg³uszenie.Ogrzewanie z piecyka dwufunkcyjnego gazowego.Miejsce parkingowe wy³o¿one kostk¹ brukow¹.Wjazd na posesje bram¹ otwieran¹ na pilota.W pobli¿u sklepy, komunikacja miejska, szko³a, punkty handlowo-us³ugowe. Cena wynajmu 4000z³ + op³aty za media wed³ug zu¿yciaJednorazowa kaucja zwrotn¹ w wysokoœci 10 000 z³  Przy wynajmie nale¿y uwzglêdniæ jednorazowe wynagrodzenie dla biura nieruchomoœci .ZAPRASZAMY NA PREZENTACJÊ!Przedstawiona oferta ma charakter informacyjny, nie stanowi oferty handlowej w rozumieniu art. 66 §1 Kodeksu Cywilnego.Opis i zdjêcia objête s¹ ochron¹ praw autorskich, osobistych i maj¹tkowych stanowi¹c w³asnoœæ przedsiêbiorstwa FUTURE w œwietle prawa autorskiego ustawa z 4 lutego 1994 r. o prawie autorskim i prawach pokrewnych (Dz. U. 1994, nr 24 poz. 83 z póŸn. zm.);wtórny;3;2;Elbl¹g;50.00;-1;-1;-1;-1;-1;-1;-1;-1;-1;-1;-1;-1;-1;391916;-1;10;-1;-1;-1;552755528|502071014;dorota.kruk@futurenieruchomosci.pl;futurenieruchomosci;-1;2022-05-09 19:56:20.466617
Dom (Szeregowy);6000.00;Wynajem;-1;254;278;https://www.futurenieruchomosci.pl/nieruchomosci/dom-na-wynajem/elblag/338;44;['https://static.esticrm.pl/public/images/offers/673/5687211/40111872_max.jpg', 'https://static.esticrm.pl/public/images/offers/673/5687211/40111878_max.jpg', 'https://static.esticrm.pl/public/images/offers/673/5687211/40111881_max.jpg', 'https://static.esticrm.pl/public/images/offers/673/5687211/40111884_max.jpg', 'https://static.esticrm.pl/public/images/offers/673/5687211/40112343_max.jpg', 'https://static.esticrm.pl/public/images/offers/673/5687211/40112322_max.jpg', 'https://static.esticrm.pl/public/images/offers/673/5687211/40112319_max.jpg', 'https://static.esticrm.pl/public/images/offers/673/5687211/40112310_max.jpg', 'https://static.esticrm.pl/public/images/offers/673/5687211/40111854_max.jpg', 'https://static.esticrm.pl/public/images/offers/673/5687211/40111866_max.jpg', 'https://static.esticrm.pl/public/images/offers/673/5687211/40111848_max.jpg', 'https://static.esticrm.pl/public/images/offers/673/5687211/40111836_max.jpg', 'https://static.esticrm.pl/public/images/offers/673/5687211/40112016_max.jpg', 'https://static.esticrm.pl/public/images/offers/673/5687211/40111968_max.jpg', 'https://static.esticrm.pl/public/images/offers/673/5687211/40112058_max.jpg', 'https://static.esticrm.pl/public/images/offers/673/5687211/40112079_max.jpg', 'https://static.esticrm.pl/public/images/offers/673/5687211/40112001_max.jpg', 'https://static.esticrm.pl/public/images/offers/673/5687211/40112109_max.jpg', 'https://static.esticrm.pl/public/images/offers/673/5687211/40112154_max.jpg', 'https://static.esticrm.pl/public/images/offers/673/5687211/40111842_max.jpg', 'https://static.esticrm.pl/public/images/offers/673/5687211/40111890_max.jpg', 'https://static.esticrm.pl/public/images/offers/673/5687211/40111893_max.jpg', 'https://static.esticrm.pl/public/images/offers/673/5687211/40111899_max.jpg', 'https://static.esticrm.pl/public/images/offers/673/5687211/40111914_max.jpg', 'https://static.esticrm.pl/public/images/offers/673/5687211/40111938_max.jpg', 'https://static.esticrm.pl/public/images/offers/673/5687211/40111950_max.jpg', 'https://static.esticrm.pl/public/images/offers/673/5687211/40112082_max.jpg', 'https://static.esticrm.pl/public/images/offers/673/5687211/40112160_max.jpg', 'https://static.esticrm.pl/public/images/offers/673/5687211/40112166_max.jpg', 'https://static.esticrm.pl/public/images/offers/673/5687211/40112172_max.jpg', 'https://static.esticrm.pl/public/images/offers/673/5687211/40112220_max.jpg', 'https://static.esticrm.pl/public/images/offers/673/5687211/40112232_max.jpg', 'https://static.esticrm.pl/public/images/offers/673/5687211/40112244_max.jpg', 'https://static.esticrm.pl/public/images/offers/673/5687211/40112253_max.jpg', 'https://static.esticrm.pl/public/images/offers/673/5687211/40112277_max.jpg', 'https://static.esticrm.pl/public/images/offers/673/5687211/40112286_max.jpg', 'https://static.esticrm.pl/public/images/offers/673/5687211/40112292_max.jpg', 'https://static.esticrm.pl/public/images/offers/673/5687211/40112301_max.jpg', 'https://static.esticrm.pl/public/images/offers/673/5687211/40111830_max.jpg', 'https://static.esticrm.pl/public/images/offers/673/5687211/40111818_max.jpg', 'https://static.esticrm.pl/public/images/offers/673/5687211/40114845_max.jpg', 'https://static.esticrm.pl/public/images/offers/673/5687211/40114854_max.jpg', 'https://static.esticrm.pl/public/images/offers/673/5687211/40114860_max.jpg', 'https://static.esticrm.pl/public/images/offers/673/5687211/40114863_max.jpg'];https://static.esticrm.pl/public/images/offers/673/5687211/40111872_max.jpg;https://static.esticrm.pl/public/images/offers/673/5687211/40111872_max.jpg;"KOMFORTOWY DOM W PE£NI WYPOSA¯ONY DLA WYMAGAJ¥CEGO KLIENTACENA NAJMU: 6 000 z³ bruttoPOWIERZCHNIA U¯YTKOWA DOMU: 217 m2POWIERZCHNIA CA£KOWITA DOMU: 254 m2POWIERZCHNIA DZIA£KI: 278 m2NAJEM OKAZJONALNY LUB NA FIRMÊDom po³o¿ony w cichej i spokojnej okolicy domków jednorodzinnych na osiedlu ""Bielany"" w ustronnym miejscu z dala od zgie³ku miasta. W pobli¿u jest las co zapewnia dodatkowy komfort.W domu pozostaje pe³ne umeblowanie widoczne na zdjêciach.Budynek czterokondygnacyjny:I kondygnacja:-gara¿, -kot³ownia, -pralnia -kuchnia robocza.II kondygnacja z wejœciem do domu:- salonu- kuchni- ma³ego pokoju-WC.W salonie jest klimatyczny kominek , jedna ze œcian wy³o¿ona jest  cegie³k¹ dekoracyjn¹ meble widoczne na zdjêciach gustownie dopasowane do ca³oœci. Kuchnia ze sprzêtem AGD .Ma³y pokój po³o¿ony na parterze mo¿e pe³niæ funkcjê biurow¹. Na kolejn¹ kondygnacjê prowadz¹ schody drewnianeNastêpnie schodami wchodzimy na III kondygnacjê sk³adaj¹c¹ siê z: 2 sypialnie i garderoba, ³azienka pe³ni¹ca funkcjê salonu k¹pielowego z wann¹.Na IV kondygnacji jest :-³azienkê z saun¹ i prysznicem -pokój rekreacyjny -sypialnia.Dom wykoñczony ze szczególn¹ starannoœci¹ na co mog¹ wskazywaæ rzeŸbione, drewniane drzwi wewnêtrzne.Dom zadbany, czysty  gotowy do zamieszkania.Dom ogrzewany jest przez piec dwufunkcyjny gazowy.Zadbany ogród wy³o¿ony czêœciowo kostk¹ brukow¹ z grillem, wêdzarni¹ oraz le¿akami umili spêdzanie czasu.Z ogrodu poprzez oran¿eriê jest dodatkowe wejœcie do domu Cena najmu 6000z³  + op³aty za media w wysokoœci ok.1000z³ miesiêcznie.Kaucja gwaryncyjna w wysokoœci 10.000z³ Dodatkowo przy wynajmie nale¿y uwzglêdniæ jednorazowe wynagrodzenie dla biura nieruchomoœci  .ZAPRASZAMY NA PREZENTACJÊ!Przedstawiona oferta ma charakter informacyjny, nie stanowi oferty handlowej w rozumieniu art. 66 §1 Kodeksu Cywilnego.Opis i zdjêcia objête s¹ ochron¹ praw autorskich, osobistych i maj¹tkowych stanowi¹c w³asnoœæ przedsiêbiorstwa FUTURE w œwietle prawa autorskiego ustawa z 4 lutego 1994 r. o prawie autorskim i prawach pokrewnych (Dz. U. 1994, nr 24 poz. 83 z póŸn. zm.)";wtórny;7;3;Elbl¹g Tadeusza Boya-¯eleñskiego;23.62;-1;-1;-1;True;-1;-1;-1;-1;True;-1;-1;-1;-1;179109;-1;10000;-1;-1;-1;552755528|502071014;dorota.kruk@futurenieruchomosci.pl;futurenieruchomosci;-1;2022-05-09 19:56:22.470936
Mieszkanie;315000.00;Sprzeda¿;-1;47,83;-1;https://www.futurenieruchomosci.pl/nieruchomosci/mieszkanie-na-sprzedaz/elblag/337;16;['https://static.esticrm.pl/public/images/offers/673/5615613/39781371_max.jpg', 'https://static.esticrm.pl/public/images/offers/673/5615613/39818574_max.jpg', 'https://static.esticrm.pl/public/images/offers/673/5615613/39818577_max.jpg', 'https://static.esticrm.pl/public/images/offers/673/5615613/39781302_max.jpg', 'https://static.esticrm.pl/public/images/offers/673/5615613/39818583_max.jpg', 'https://static.esticrm.pl/public/images/offers/673/5615613/39818586_max.jpg', 'https://static.esticrm.pl/public/images/offers/673/5615613/39781341_max.jpg', 'https://static.esticrm.pl/public/images/offers/673/5615613/39818601_max.jpg', 'https://static.esticrm.pl/public/images/offers/673/5615613/39781347_max.jpg', 'https://static.esticrm.pl/public/images/offers/673/5615613/39818598_max.jpg', 'https://static.esticrm.pl/public/images/offers/673/5615613/39818592_max.jpg', 'https://static.esticrm.pl/public/images/offers/673/5615613/39818589_max.jpg', 'https://static.esticrm.pl/public/images/offers/673/5615613/39818565_max.jpg', 'https://static.esticrm.pl/public/images/offers/673/5615613/39818568_max.jpg', 'https://static.esticrm.pl/public/images/offers/673/5615613/39781362_max.jpg', 'https://static.esticrm.pl/public/images/offers/673/5615613/39818613_max.jpg'];https://static.esticrm.pl/public/images/offers/673/5615613/39781371_max.jpg;https://static.esticrm.pl/public/images/offers/673/5615613/39781371_max.jpg;PRZESTRONNE MIESZKANIE W CENTRUM!CENA: 315 000 z³POWIERZCHNIA: 47,83 m22 POKOJE II PIÊTRO WSZYSTKIE MEDIA Z MIASTAPrzedstawiamy Pañstwu przestronne, dwupokojowe mieszkanie zlokalizowane na drugim piêtrze trzypiêtrowego budynku.Budynek po³o¿ony przy ul. Trybunalskiej W klatce mieszkaj¹ tylko cztery rodzin.Na ka¿dym piêtrze jedna rodzinaStolarka okienna PCV z wystaw¹ pó³nocno-po³udniow¹.£azienka po generalnym remoncie w 2018 r. wymieniona instalacja hydrauliczna,nowe kafle na pod³odze i œcianach oraz armatura ³azienkowa.W kuchni glazura ,terakota .W pokojach  na pod³ogach panele Na przedpokoju na pod³odze panele.Wymienione drzwi wewnêtrzne i zewnêtrzne.W cenie pozostaj¹ meble kuchenne,meble na przedpokoju oraz meble widoczne na zdjêciu oprócz ³ó¿ka w pokoju .W ³azience pozostaje pralka.Czynsz wynosi 378,81 z³Do mieszkania przynale¿y pomieszczenie piwniczne o pow. 6,8 m2.Mieszkanie czyste,ciep³e ,s³oneczne , dobrze doswietlone Z ty³u budynku jest parking dla mieszkañców,W pobli¿u mieœci siê wiele punktów handlowo-us³ugowych, szko³y, Urz¹d Miasta.Mieszkanie do natychmiastowego wydania,wolne od osób w nim zamieszka³ych co na pewno u³atwia szybk¹ transakcjê.Klucze w biurze zapraszamy na prezentacjê.Przy zakupie nieruchomoœci nale¿y uwzglêdniæ koszty notarialne i wynagrodzenie dla biura nieruchomoœci 1,23 %brutto.Oferujemy skuteczn¹ pomoc w otrzymaniu kredytu.ZAPRASZAMY NA PREZENTACJÊ!Przedstawiona oferta ma charakter informacyjny, nie stanowi oferty handlowej w rozumieniu art. 66 §1 Kodeksu Cywilnego.Opis i zdjêcia objête s¹ ochron¹ praw autorskich, osobistych i maj¹tkowych stanowi¹c w³asnoœæ przedsiêbiorstwa FUTURE w œwietle prawa autorskiego ustawa z 4 lutego 1994 r. o prawie autorskim i prawach pokrewnych (Dz. U. 1994, nr 24 poz. 83 z p;wtórny;2;2;Elbl¹g Trybunalska;6585.82;-1;-1;1960;-1;-1;-1;-1;True;True;-1;-1;-1;-1;584009;3;-1;-1;-1;-1;552755528|502071014;dorota.kruk@futurenieruchomosci.pl;futurenieruchomosci;-1;2022-05-09 19:56:22.849281
Dom (Wolnostoj¹cy);960000.00;Sprzeda¿;-1;234,25;1007,93;https://www.futurenieruchomosci.pl/nieruchomosci/dom-na-sprzedaz/sztutowo/336;27;['https://static.esticrm.pl/public/images/offers/673/5437785/38809782_max.jpg', 'https://static.esticrm.pl/public/images/offers/673/5437785/38809728_max.jpg', 'https://static.esticrm.pl/public/images/offers/673/5437785/38809710_max.jpg', 'https://static.esticrm.pl/public/images/offers/673/5437785/38809719_max.jpg', 'https://static.esticrm.pl/public/images/offers/673/5437785/38822859_max.jpg', 'https://static.esticrm.pl/public/images/offers/673/5437785/38822490_max.jpg', 'https://static.esticrm.pl/public/images/offers/673/5437785/38822160_max.jpg', 'https://static.esticrm.pl/public/images/offers/673/5437785/38822508_max.jpg', 'https://static.esticrm.pl/public/images/offers/673/5437785/38822181_max.jpg', 'https://static.esticrm.pl/public/images/offers/673/5437785/38809584_max.jpg', 'https://static.esticrm.pl/public/images/offers/673/5437785/38809587_max.jpg', 'https://static.esticrm.pl/public/images/offers/673/5437785/38809611_max.jpg', 'https://static.esticrm.pl/public/images/offers/673/5437785/38809632_max.jpg', 'https://static.esticrm.pl/public/images/offers/673/5437785/38809635_max.jpg', 'https://static.esticrm.pl/public/images/offers/673/5437785/38822514_max.jpg', 'https://static.esticrm.pl/public/images/offers/673/5437785/38822511_max.jpg', 'https://static.esticrm.pl/public/images/offers/673/5437785/38822529_max.jpg', 'https://static.esticrm.pl/public/images/offers/673/5437785/38809641_max.jpg', 'https://static.esticrm.pl/public/images/offers/673/5437785/38809647_max.jpg', 'https://static.esticrm.pl/public/images/offers/673/5437785/38809653_max.jpg', 'https://static.esticrm.pl/public/images/offers/673/5437785/38809656_max.jpg', 'https://static.esticrm.pl/public/images/offers/673/5437785/38809677_max.jpg', 'https://static.esticrm.pl/public/images/offers/673/5437785/38809668_max.jpg', 'https://static.esticrm.pl/public/images/offers/673/5437785/38809689_max.jpg', 'https://static.esticrm.pl/public/images/offers/673/5437785/38822910_max.jpg', 'https://static.esticrm.pl/public/images/offers/673/5437785/38868294_max.jpg', 'https://static.esticrm.pl/public/images/offers/673/5437785/38870757_max.jpg'];https://static.esticrm.pl/public/images/offers/673/5437785/38809782_max.jpg;https://static.esticrm.pl/public/images/offers/673/5437785/38809782_max.jpg;DOM WOLNOSTOJ¥CY  Z  POKOJAMI POD WYNAJM DLA TURYSTÓWPOWIERZCHNIA CA£KOWITA 234,25mPOWIERZCHNIA U¯YTKOWA189,88mPOWIERZCHNIA DZIA£KI 1007,93mGARA¯ TYPU BLASZAKPAWILON HANDLOWYM WIATACENA 960.000 z³CENA DO NEGOCJACJIPolecamy Pañstwu do sprzeda¿y dom wolnostoj¹cy idealny pod inwestycjê ,do wynajmu w okresie letnim dla turystów jako mini pensjonat.Dó³ domu jest zagospodarowany jako mieszkanie w³aœcicieli z osobnym wejœciemPowierzchnia do³u 108,38m sk³ada siê z salonu z aneksem kuchennym, sypialni, biura, holu, ³azienki, pomieszczenia gospodarczego, WC ,kot³owni.Mieszkanie jest w pe³ni wykoñczone  gotowe do wprowadzenia siê.Ogrzewanie pod³ogowe w kuchni, przedpokoju ,w ³azience. Okna PCV  ,na pod³ogach terakota ,w salonie i sypialni panele ,nowe drzwi wewnêtrzne i zewnêtrzne.W cenie pozostaje zabudowa kuchni  ze sprzêtem AGD ( kuchenka ,zmywarka ,okap ) i szafy w sta³ej zabudowie Osobne wejœcie jest do pokoi przeznaczonych do wynajmu dla turystów. Ta czêœæ budynku jest w stanie deweloperskimI POZIOM3pokoje z ³azienkami, hol ,kuchnia, klatka schodowa.Hol jest z wyjœciem na taras 40m Okna PCV,Drzwi wewnêtrzne nowe przygotowane do wstawienia w stanie deweloperskim .II POZIM2 apartamenty dwu pokojowe z ³azienkami i balkonami Jeden wstanie deweloperskim pozosta³y do wymiany okna i zrobienie balustrady balkonowej.Drugi gotowy do wynajmu ma wymienione okan PCV ,panele na pod³ogach ,œciany g³adzie tynkowe .Budynek ma mur 44cm .,wymaga pomalowania.Na dachu jest zainstalowana fotowoltaika   mocy 6,75kWp nowa instalacja pod³¹czona od 05.01.2022 na starych zasadach.Na przy³¹czu wodnym zainstalowane filtry wodne .Kanalizacja i woda z sieci miejskiejNa  podwórku jest wiata i gara¿ typu blaszak.Podwórko jest czêœciowo utwardzone p³ytami a¿urowymi.W kot³owni piec na eko groszek firmy Gom-Met 2 letni.Bojler na wodê 300 litrów.Koszty ogrzewania 2000z³ okres zimowy ,50z³ okres letniPodatek  od nieruchomoœci i gruntów kwartalny 231z³Oferta godna polecenia dla ludzi przedsiêbiorczych  maj¹cych pomys³ na biznes.Bliskoœæ przekopu  Mierzei Wiœlanej stwarza dodatkowe mo¿liwoœci dla tej inwestycjiDu¿e mo¿liwoœci aranzacyjne i rozbudowy budynku Cicha spokojna okolica ,bliskoœæ lasu i morza to najwiêksze atuty tej nieruchomoœci. Przy zakupie nieruchomoœci nale¿y uwzglêdniæ koszty notarialne i wynagrodzenie dla biura nieruchomoœci 1,23 %brutto.Oferujemy skuteczn¹ pomoc w otrzymaniu kredytu.ZAPRASZAMY NA PREZENTACJÊ!Przedstawiona oferta ma charakter informacyjny, nie stanowi oferty handlowej w rozumieniu art. 66 §1 Kodeksu Cywilnego.Opis i zdjêcia objête s¹ ochron¹ praw autorskich, osobistych i maj¹tkowych stanowi¹c w³asnoœæ przedsiêbiorstwa FUTURE w œwietle prawa autorskiego ustawa z 4 lutego 1994 r. o prawie autorskim i prawach pokrewnych (Dz. U. 1994, nr 24 poz. 83 z p;wtórny;9;2;Sztutowo;4098.19;-1;-1;1990;True;-1;-1;-1;-1;-1;-1;-1;-1;-1;347790;-1;-1;-1;-1;-1;552755528|502071014;dorota.kruk@futurenieruchomosci.pl;futurenieruchomosci;-1;2022-05-09 19:56:23.274666
